Rk,Player,Tm,FantPos,Age,G,GS,Pass_Cmp,Pass_Att,Pass_Yds,Pass_TD,Pass_Int,Rush_Att,Rush_Yds,Y/A,Rush_TD,Tgt,Rec,Yds,Y/R,Receiving_TD,Fmb,FL,Total_TD,0.583333333,2PP,FantPt,PPR,DKPt,FDPt,VBD,PosRank,OvRank,Player_Touches,Player Yards,Team Tuches,Team Yard,Team TD,% of Team Touch,% of Team Yard,% of Team TD
18,Justin Jefferson,MIN,WR,23,17,17,2,2,34,0,0,4,24,6,1,184,128,1809,14.13,8,0,0,9,1,,241,368.7,371.7,304.7,119,1,5,188,1833,908,5762,46,0.207048458,0.318118709,0.195652174
20,Davante Adams,LVR,WR,30,17,17,0,0,0,0,0,3,-1,-0.33,0,180,100,1516,15.16,14,1,0,14,,,236,335.5,338.5,285.5,114,2,8,183,1515,941,6048,40,0.194473964,0.250496032,0.35
23,Tyreek Hill,MIA,WR,28,17,17,0,0,0,0,0,7,32,4.57,1,170,119,1710,14.37,7,1,0,9,,,228,347.2,350.2,287.7,107,3,11,177,1742,707,5498,36,0.250353607,0.316842488,0.25
28,A.J. Brown,PHI,WR,25,17,16,0,0,0,0,0,0,0,,0,145,88,1496,17,11,2,2,11,,,212,299.6,304.6,255.6,91,4,13,145,1496,876,6110,57,0.165525114,0.244844517,0.192982456
30,Stefon Diggs,BUF,WR,29,16,16,0,0,0,0,0,1,-3,-3,0,154,108,1429,13.23,11,1,0,11,,,209,316.6,319.6,262.6,89,5,14,155,1426,791,5461,49,0.195954488,0.261124336,0.224489796
37,CeeDee Lamb,DAL,WR,23,17,17,0,0,0,0,0,10,47,4.7,0,156,107,1359,12.7,9,0,0,9,,,195,301.6,304.6,248.1,75,6,16,166,1406,1020,6021,52,0.162745098,0.233516027,0.173076923
39,Jaylen Waddle,MIA,WR,24,17,17,0,0,0,0,0,3,26,8.67,0,117,75,1356,18.08,8,1,1,8,,,184,259.2,263.2,221.7,66,7,19,120,1382,707,5498,36,0.169731259,0.251364132,0.222222222
50,Amari Cooper,CLE,WR,28,17,17,0,1,0,0,1,0,0,,0,132,78,1160,14.87,9,0,0,9,,,168,246,250,208,50,8,24,132,1160,937,5733,39,0.140875133,0.202337345,0.230769231
52,Amon-Ra St. Brown,DET,WR,23,16,16,0,0,0,0,0,9,95,10.56,0,146,106,1161,10.95,6,0,0,6,,,162,267.6,270.6,214.6,44,9,27,155,1256,957,6081,50,0.161964472,0.206544976,0.12
54,DeVonta Smith,PHI,WR,24,17,17,0,0,0,0,0,0,0,,0,136,95,1196,12.59,7,1,1,7,,,160,254.6,258.6,207.1,42,10,28,136,1196,876,6110,57,0.155251142,0.195744681,0.122807018
55,Christian Kirk,JAX,WR,26,17,17,0,1,0,0,0,5,11,2.2,0,133,84,1108,13.19,8,1,1,8,,,158,241.9,245.9,199.9,41,11,30,138,1119,864,5591,37,0.159722222,0.200143087,0.216216216
56,Ja'Marr Chase,CIN,WR,22,12,12,0,0,0,0,0,5,8,1.6,0,134,87,1046,12.02,9,2,2,9,,,155,242.4,247.4,198.9,38,12,32,139,1054,912,5794,49,0.152412281,0.181912323,0.183673469
60,Tyler Lockett,SEA,WR,30,16,16,0,0,0,0,0,0,0,,0,117,84,1033,12.3,9,2,2,9,,,153,237.3,242.3,195.3,37,13,35,117,1033,893,5939,42,0.131019037,0.173935006,0.214285714
62,Terry McLaurin,WAS,WR,27,17,17,0,0,0,0,0,7,29,4.14,0,120,77,1191,15.47,5,1,0,5,,,152,229,232,190.5,35,14,36,127,1220,1014,5709,33,0.125246548,0.21369767,0.151515152
63,Brandon Aiyuk,SFO,WR,24,17,17,0,0,0,0,0,2,23,11.5,0,114,78,1015,13.01,8,1,1,8,,,150,227.8,231.8,188.8,33,15,38,116,1038,584,4298,38,0.198630137,0.241507678,0.210526316
65,Mike Evans,TAM,WR,29,15,15,0,0,0,0,0,0,0,,0,127,77,1124,14.6,6,0,0,6,,,148,225.4,228.4,186.9,32,16,39,127,1124,1072,6010,31,0.118470149,0.187021631,0.193548387
66,Tee Higgins,CIN,WR,23,16,14,0,0,0,0,0,0,0,,0,109,74,1029,13.91,7,0,0,7,1,,147,220.9,223.9,183.9,30,17,41,109,1029,912,5794,49,0.119517544,0.177597515,0.142857143
75,D.K. Metcalf,SEA,WR,25,17,17,0,0,0,0,0,0,0,,0,141,90,1048,11.64,6,2,2,6,,,137,226.8,231.8,181.8,21,19,47,141,1048,893,5939,42,0.157894737,0.176460684,0.142857143
76,Jerry Jeudy,DEN,WR,23,15,14,0,0,0,0,0,4,40,10,0,100,67,972,14.51,6,0,0,6,,,137,204.2,207.2,170.7,21,18,48,104,1012,664,4387,22,0.156626506,0.230681559,0.272727273
79,D.J. Moore,CAR,WR,25,17,17,0,0,0,0,0,10,53,5.3,0,118,63,888,14.1,7,0,0,7,,,136,199.1,202.1,167.6,20,20,49,128,941,697,4281,27,0.183644189,0.219808456,0.259259259
82,Garrett Wilson,NYJ,WR,22,17,12,0,1,0,0,0,4,4,1,0,147,83,1103,13.29,4,2,1,4,,,133,215.7,219.7,174.2,17,21,52,151,1107,912,5464,27,0.165570175,0.202598829,0.148148148
86,Cooper Kupp,LAR,WR,29,9,9,0,1,0,0,0,9,52,5.78,1,98,75,812,10.83,6,2,1,7,,,126,201.4,205.4,163.9,11,22,58,107,864,867,4987,31,0.123414072,0.173250451,0.225806452
87,Chris Olave,NOR,WR,22,15,9,0,0,0,0,0,0,0,,0,119,72,1042,14.47,4,2,2,4,1,,126,198.2,203.2,162.2,11,23,59,119,1042,892,5742,35,0.133408072,0.181469871,0.114285714
89,Gabriel Davis,BUF,WR,23,15,15,0,0,0,0,0,0,0,,0,93,48,836,17.42,7,1,1,7,,,124,171.6,175.6,147.6,9,24,61,93,836,791,5461,49,0.117572693,0.153085515,0.142857143
90,Christian Watson,GNB,WR,23,14,11,0,0,0,0,0,7,80,11.43,2,66,41,611,14.9,7,0,0,9,,,123,164.1,167.1,143.6,8,25,62,73,691,929,5654,39,0.078579117,0.122214362,0.230769231
94,Chris Godwin,TAM,WR,26,15,13,0,0,0,0,0,3,5,1.67,0,142,104,1023,9.84,3,2,2,3,1,,119,222.8,227.8,170.8,4,26,65,145,1028,1072,6010,31,0.135261194,0.171048253,0.096774194
96,Michael Pittman Jr.,IND,WR,25,16,16,0,0,0,0,0,3,30,10,0,141,99,925,9.34,4,2,1,4,,,118,216.5,220.5,167,3,27,69,144,955,844,4934,23,0.170616114,0.193554925,0.173913043
98,Zay Jones,JAX,WR,27,16,15,0,0,0,0,0,4,18,4.5,0,121,82,823,10.04,5,0,0,5,1,,116,198.1,201.1,157.1,2,28,70,125,841,864,5591,37,0.144675926,0.150420318,0.135135135
100,Allen Lazard,GNB,WR,27,15,15,0,0,0,0,0,2,0,0,0,100,60,788,13.13,6,0,0,6,,,115,174.8,177.8,144.8,,29,,102,788,929,5654,39,0.109795479,0.139370357,0.153846154
101,George Pickens,PIT,WR,21,17,12,0,0,0,0,0,3,24,8,1,84,52,801,15.4,4,0,0,5,1,,115,166.5,169.5,140.5,,30,,87,825,900,5055,27,0.096666667,0.163204748,0.185185185
102,Mike Williams,LAC,WR,28,13,13,0,0,0,0,0,0,0,,0,93,63,895,14.21,4,0,0,4,,,114,176.5,179.5,145,,31,,93,895,1018,6154,41,0.091355599,0.145433864,0.097560976
103,Jakobi Meyers,NWE,WR,26,14,13,0,0,0,0,0,2,-11,-5.5,0,96,67,804,12,6,2,2,6,1,,113,180.3,185.3,146.8,,32,,98,793,881,5453,30,0.11123723,0.145424537,0.2
105,Curtis Samuel,WAS,WR,26,17,12,0,0,0,0,0,38,187,4.92,1,92,64,656,10.25,4,1,1,5,,,112,176.3,183.3,144.3,,34,,130,843,1014,5709,33,0.128205128,0.147661587,0.151515152
106,Deebo Samuel,SFO,WR,26,13,12,0,0,0,0,0,42,232,5.52,3,94,56,632,11.29,2,3,2,5,,,112,168.4,176.4,140.4,,33,,136,864,584,4298,38,0.232876712,0.201023732,0.131578947
107,Adam Thielen,MIN,WR,32,17,17,0,0,0,0,0,1,4,4,0,107,70,716,10.23,6,0,0,6,1,,110,180,183,145,,35,,108,720,908,5762,46,0.118942731,0.124956612,0.130434783
108,Tyler Boyd,CIN,WR,28,16,14,1,1,23,0,0,0,0,,0,82,58,762,13.14,5,0,0,5,1,,109,167.1,170.1,138.1,,36,,82,762,912,5794,49,0.089912281,0.131515361,0.102040816
111,Drake London,ATL,WR,21,17,15,0,0,0,0,0,0,0,,0,117,72,866,12.03,4,3,3,4,1,,107,178.6,184.6,142.6,,38,,117,866,849,5131,35,0.137809187,0.168778016,0.114285714
112,JuJu Smith-Schuster,KAN,WR,26,16,14,0,0,0,0,0,0,0,,0,101,78,933,11.96,3,3,2,3,,,107,185.3,190.3,146.3,,37,,101,933,934,6613,56,0.108137045,0.14108574,0.053571429
113,Donovan Peoples-Jones,CLE,WR,23,17,14,0,0,0,0,0,1,2,2,0,96,61,839,13.75,3,1,1,4,,,106,167.1,171.1,136.6,,39,,97,841,937,5733,39,0.103521878,0.146694575,0.102564103
118,Keenan Allen,LAC,WR,30,10,10,0,0,0,0,0,1,8,8,0,89,66,752,11.39,4,1,1,4,,,98,164,168,131,,40,,90,760,1018,6154,41,0.088408644,0.123496913,0.097560976
121,Mack Hollins,LVR,WR,29,17,16,1,1,4,0,0,4,40,10,0,94,57,690,12.11,4,0,0,4,,,97,154.2,157.2,125.7,,42,,98,730,941,6048,40,0.104144527,0.120701058,0.1
122,Josh Palmer,LAC,WR,23,16,11,0,0,0,0,0,1,4,4,0,107,72,769,10.68,3,1,0,3,1,,97,169.3,172.3,133.3,,41,,108,773,1018,6154,41,0.106090373,0.12560936,0.073170732
123,Jahan Dotson,WAS,WR,22,12,10,0,0,0,0,0,2,-7,-3.5,0,61,35,523,14.94,7,0,0,7,1,,96,130.6,133.6,113.1,,43,,63,516,1014,5709,33,0.062130178,0.090383605,0.212121212
125,K.J. Osborn,MIN,WR,25,17,9,0,0,0,0,0,3,6,2,0,90,60,650,10.83,5,1,0,5,,,96,155.6,158.6,125.6,,44,,93,656,908,5762,46,0.102422907,0.113849358,0.108695652
126,Diontae Johnson,PIT,WR,26,17,17,0,0,0,0,0,7,25,3.57,0,147,86,882,10.26,0,1,0,0,2,,95,180.7,183.7,137.7,,46,,154,907,900,5055,27,0.171111111,0.179426311,0
127,Courtland Sutton,DEN,WR,27,15,15,0,0,0,0,0,1,5,5,0,109,64,829,12.95,2,0,0,2,,,95,159.4,162.4,127.4,,45,,110,834,664,4387,22,0.165662651,0.190107135,0.090909091
130,Marquise Brown,ARI,WR,25,12,10,0,0,0,0,0,1,1,1,0,107,67,709,10.58,3,1,0,3,,,89,156,159,122.5,,47,,108,710,843,4735,30,0.128113879,0.149947202,0.1
131,Brandin Cooks,HOU,WR,29,13,13,0,0,0,0,0,2,7,3.5,0,93,57,699,12.26,3,0,0,3,,,89,145.6,148.6,117.1,,48,,95,706,853,4654,27,0.11137163,0.151697465,0.111111111
134,DeAndre Hopkins,ARI,WR,30,9,9,0,0,0,0,0,0,0,,0,96,64,717,11.2,3,2,1,3,,,88,151.7,155.7,119.7,,49,,96,717,843,4735,30,0.113879004,0.151425554,0.1
137,Parris Campbell,IND,WR,25,17,16,0,0,0,0,0,5,58,11.6,0,91,63,623,9.89,3,1,0,3,,,86,149.1,152.1,117.6,,50,,96,681,844,4934,23,0.113744076,0.138021889,0.130434783
146,Darius Slayton,NYG,WR,25,16,11,0,0,0,0,0,0,0,,0,71,46,724,15.74,2,2,1,2,,,82,128.4,132.4,105.4,,51,,71,724,796,4535,33,0.08919598,0.159647189,0.060606061
150,Marquez Valdes-Scantling,KAN,WR,28,17,11,0,0,0,0,0,1,-3,-3,0,81,42,687,16.36,2,0,0,2,,,80,122.4,125.4,101.4,,52,,82,684,934,6613,56,0.087794433,0.103432633,0.035714286
151,Devin Duvernay,BAL,WR,25,14,13,0,0,0,0,0,12,84,7,1,49,37,407,11,3,1,0,5,,,79,116.1,119.1,97.6,,53,,61,491,807,4816,34,0.0755886,0.101951827,0.147058824
152,Isaiah McKenzie,BUF,WR,27,15,8,0,0,0,0,0,9,55,6.11,1,65,42,423,10.07,4,0,0,5,,,78,119.8,122.8,98.8,,54,,74,478,791,5461,49,0.093552465,0.087529756,0.102040816
154,Richie James,NYG,WR,27,17,4,0,0,0,0,0,2,6,3,0,70,57,569,9.98,4,3,3,4,,,76,132.5,138.5,104,,55,,72,575,796,4535,33,0.090452261,0.126791621,0.121212121
161,Russell Gage,TAM,WR,26,13,4,0,0,0,0,0,0,0,,0,70,51,426,8.35,5,1,1,5,1,,73,123.6,127.6,98.1,,56,,70,426,1072,6010,31,0.065298507,0.070881864,0.161290323
163,Rashid Shaheed,NOR,WR,24,12,6,0,0,0,0,0,4,57,14.25,1,34,28,488,17.43,2,1,0,3,,,73,100.5,103.5,86.5,,57,,38,545,892,5742,35,0.042600897,0.094914664,0.085714286
164,Noah Brown,DAL,WR,26,16,13,0,0,0,0,0,0,0,,0,74,43,555,12.91,3,1,1,3,,,72,114.5,118.5,93,,59,,74,555,1020,6021,52,0.07254902,0.092177379,0.057692308
165,DeVante Parker,NWE,WR,29,13,11,0,0,0,0,0,0,0,,0,47,31,539,17.39,3,0,0,3,,,72,102.9,105.9,87.4,,58,,47,539,881,5453,30,0.053348468,0.098844673,0.1
166,Marvin Jones,JAX,WR,32,16,10,0,0,0,0,0,0,0,,0,81,46,529,11.5,3,0,0,3,,,71,116.9,119.9,93.9,,61,,81,529,864,5591,37,0.09375,0.094616348,0.081081081
167,Alec Pierce,IND,WR,22,16,12,0,0,0,0,0,0,0,,0,78,41,593,14.46,2,1,0,2,,,71,112.3,115.3,91.8,,60,,78,593,844,4934,23,0.092417062,0.120186461,0.086956522
168,Olamide Zaccheaus,ATL,WR,25,17,13,0,0,0,0,0,2,7,3.5,0,61,40,533,13.33,3,1,1,3,,,70,110,114,90,,62,,63,540,849,5131,35,0.074204947,0.105242643,0.085714286
170,Mecole Hardman,KAN,WR,24,8,5,0,0,0,0,0,4,31,7.75,2,34,25,297,11.88,4,1,0,6,,,69,93.8,96.8,81.3,,64,,38,328,934,6613,56,0.040685225,0.049599274,0.107142857
171,Kalif Raymond,DET,WR,28,17,7,0,0,0,0,0,7,36,5.14,0,64,47,616,13.11,0,3,1,1,,,69,116.2,120.2,92.7,,63,,71,652,957,6081,50,0.074190178,0.107219207,0.02
172,DJ Chark,DET,WR,26,11,10,0,0,0,0,0,0,0,,0,52,30,502,16.73,3,0,0,3,,,68,98.2,101.2,83.2,,65,,52,502,957,6081,50,0.054336468,0.082552212,0.06
173,Chris Moore,HOU,WR,29,16,7,0,0,0,0,0,3,3,1,0,74,48,548,11.42,2,0,0,2,,,67,115.1,118.1,91.1,,66,,77,551,853,4654,27,0.090269637,0.11839278,0.074074074
174,DeAndre Carter,LAC,WR,29,17,7,0,0,0,0,0,2,-15,-7.5,0,65,46,538,11.7,3,3,2,3,,,66,112.3,117.3,89.3,,68,,67,523,1018,6154,41,0.065815324,0.084985375,0.073170732
175,Corey Davis,NYJ,WR,27,13,10,0,0,0,0,0,0,0,,0,64,32,536,16.75,2,0,0,2,,,66,97.6,100.6,81.6,,70,,64,536,912,5464,27,0.070175439,0.098096633,0.074074074
176,Michael Gallup,DAL,WR,26,14,11,0,0,0,0,0,0,0,,0,74,39,424,10.87,4,0,0,4,,,66,105.4,108.4,85.9,,67,,74,424,1020,6021,52,0.07254902,0.070420196,0.076923077
178,Josh Reynolds,DET,WR,27,14,11,0,0,0,0,0,0,0,,0,59,38,479,12.61,3,0,0,3,,,66,103.9,106.9,84.9,,69,,59,479,957,6081,50,0.061650993,0.078769939,0.06
183,Marquise Goodwin,SEA,WR,32,13,2,0,0,0,0,0,2,5,2.5,0,42,27,387,14.33,4,0,0,4,,,63,90.2,93.2,76.7,,71,,44,392,893,5939,42,0.049272116,0.066004378,0.095238095
185,Isaiah Hodgins,2TM,WR,24,10,5,0,0,0,0,0,0,0,,0,48,37,392,10.59,4,1,1,4,1,,63,100.2,104.2,81.7,,72,,48,392,1679,9137,58,0.028588446,0.042902484,0.068965517
186,Robert Woods,TEN,WR,30,17,15,0,0,0,0,0,0,0,,0,91,53,527,9.94,2,1,1,2,,,63,115.7,119.7,89.2,,73,,91,527,839,5012,33,0.108462455,0.105147646,0.060606061
188,Darnell Mooney,CHI,WR,25,12,12,0,0,0,0,0,1,2,2,0,61,40,493,12.33,2,0,0,2,,,62,101.5,104.5,81.5,,74,,62,495,712,4298,37,0.087078652,0.115169846,0.054054054
189,Treylon Burks,TEN,WR,22,11,6,0,0,0,0,0,4,47,11.75,0,54,33,444,13.45,1,0,0,2,,,61,94.1,97.1,77.6,,75,,58,491,839,5012,33,0.069129917,0.097964884,0.060606061
190,Greg Dortch,ARI,WR,24,16,4,0,0,0,0,0,7,44,6.29,0,64,52,467,8.98,2,1,1,2,,,61,113.1,117.1,87.1,,76,,71,511,843,4735,30,0.084223013,0.107919747,0.066666667
191,Nico Collins,HOU,WR,23,10,7,0,0,0,0,0,0,0,,0,66,37,481,13,2,0,0,2,,,60,97.1,100.1,78.6,,77,,66,481,853,4654,27,0.077373974,0.103351955,0.074074074
192,Romeo Doubs,GNB,WR,22,13,7,0,0,0,0,0,1,11,11,0,67,42,425,10.12,3,2,1,3,,,60,101.6,105.6,80.6,,78,,68,436,929,5654,39,0.073196986,0.077113548,0.076923077
193,Chase Claypool,2TM,WR,24,15,11,1,1,1,1,0,9,59,6.56,0,79,46,451,9.8,1,1,1,1,,,59,105,109,82,,79,,88,510,1679,9137,58,0.05241215,0.055817008,0.017241379
197,Nick Westbrook-Ikhine,TEN,WR,25,17,13,0,0,0,0,0,0,0,,0,50,25,397,15.88,3,0,0,3,,,58,82.7,85.7,70.2,,80,,50,397,839,5012,33,0.059594756,0.079209896,0.090909091
204,Demarcus Robinson,BAL,WR,28,17,5,0,0,0,0,0,0,0,,0,75,48,458,9.54,2,2,1,2,,,56,103.8,107.8,79.8,,81,,75,458,807,4816,34,0.092936803,0.095099668,0.058823529
206,Van Jefferson,LAR,WR,26,11,9,0,0,0,0,0,0,0,,0,44,24,369,15.38,3,0,0,3,,,55,78.9,81.9,66.9,,83,,44,369,867,4987,31,0.050749712,0.07399238,0.096774194
208,Terrace Marshall Jr.,CAR,WR,22,14,9,0,0,0,0,0,0,0,,0,47,28,490,17.5,1,2,0,1,,,55,83,86,69,,82,,47,490,697,4281,27,0.067431851,0.114459238,0.037037037
210,Trent Sherfield,MIA,WR,26,17,4,0,0,0,0,0,0,0,,0,51,30,417,13.9,2,0,0,2,,,54,83.7,86.7,68.7,,84,,51,417,707,5498,36,0.072135785,0.075845762,0.055555556
211,Kendrick Bourne,NWE,WR,27,16,2,0,0,0,0,0,6,39,6.5,0,48,35,434,12.4,1,2,0,1,,,53,88.3,91.3,70.8,,85,,54,473,881,5453,30,0.061293984,0.086741243,0.033333333
216,Allen Robinson,LAR,WR,29,10,10,0,0,0,0,0,0,0,,0,52,33,339,10.27,3,0,0,3,,,52,84.9,87.9,68.4,,86,,52,339,867,4987,31,0.059976932,0.06797674,0.096774194
217,Quez Watkins,PHI,WR,24,17,8,0,0,0,0,0,3,1,0.33,0,51,33,354,10.73,3,1,1,3,,,52,84.5,88.5,68,,87,,54,355,876,6110,57,0.061643836,0.058101473,0.052631579
220,Elijah Moore,NYJ,WR,22,16,9,0,0,0,0,0,5,5,1,0,65,37,446,12.05,1,1,0,1,,,51,88.1,91.1,69.6,,88,,70,451,912,5464,27,0.076754386,0.082540264,0.037037037
225,Randall Cobb,GNB,WR,32,13,3,0,0,0,0,0,0,0,,0,50,34,417,12.26,1,1,0,1,,,48,81.7,84.7,64.7,,90,,50,417,929,5654,39,0.053821313,0.073753095,0.025641026
227,Trenton Irwin,CIN,WR,27,9,2,0,0,0,0,0,1,11,11,0,23,15,231,15.4,4,0,0,4,,,48,63.2,66.2,55.7,,89,,24,242,912,5794,49,0.026315789,0.041767346,0.081632653
228,Jauan Jennings,SFO,WR,25,16,4,0,0,0,0,0,0,0,,0,56,35,416,11.89,1,1,0,1,,,48,82.6,85.6,65.1,,91,,56,416,584,4298,38,0.095890411,0.096789204,0.026315789
231,Jamal Agnew,JAX,WR,27,15,0,0,0,0,0,0,12,86,7.17,0,30,23,187,8.13,3,0,0,3,1,,47,70.3,73.3,58.8,,92,,42,273,864,5591,37,0.048611111,0.048828474,0.081081081
232,Rondale Moore,ARI,WR,22,8,8,0,0,0,0,0,6,-5,-0.83,0,56,41,414,10.1,1,0,0,1,,,47,87.9,90.9,67.4,,93,,62,409,843,4735,30,0.073546856,0.086378036,0.033333333
233,Julio Jones,TAM,WR,33,10,5,0,0,0,0,0,5,45,9,0,43,24,299,12.46,2,0,0,2,,,46,70.4,73.4,58.4,,94,,48,344,1072,6010,31,0.044776119,0.057237937,0.064516129
235,Dante Pettis,CHI,WR,27,17,7,0,0,0,0,0,2,37,18.5,0,41,19,245,12.89,3,1,0,3,,,46,65.2,68.2,55.7,,95,,43,282,712,4298,37,0.060393258,0.065611913,0.081081081
236,Laviska Shenault Jr.,CAR,WR,24,13,4,0,0,0,0,0,9,65,7.22,1,32,27,272,10.07,1,0,0,2,,,46,72.7,75.7,59.2,,96,,41,337,697,4281,27,0.058823529,0.078719925,0.074074074
238,Tutu Atwell,LAR,WR,23,13,4,0,0,0,0,0,9,34,3.78,1,35,18,298,16.56,1,0,0,2,,,45,63.2,66.2,54.2,,98,,44,332,867,4987,31,0.050749712,0.06657309,0.064516129
240,Ben Skowronek,LAR,WR,25,14,11,0,0,0,0,0,1,17,17,1,61,39,376,9.64,0,0,0,1,,,45,84.3,87.3,64.8,,97,,62,393,867,4987,31,0.071510957,0.078804893,0.032258065
241,Nelson Agholor,NWE,WR,29,16,7,0,0,0,0,0,0,0,,0,53,31,362,11.68,2,2,2,2,,,44,75.2,80.2,59.7,,100,,53,362,881,5453,30,0.06015891,0.066385476,0.066666667
242,Ray-Ray McCloud,SFO,WR,26,17,2,0,0,0,0,0,4,78,19.5,1,25,14,243,17.36,1,2,0,2,,,44,58.1,61.1,51.1,,101,,29,321,584,4298,38,0.049657534,0.0746859,0.052631579
244,Equanimeous St. Brown,CHI,WR,26,16,16,0,0,0,0,0,6,54,9,0,38,21,323,15.38,1,1,0,1,,,44,64.7,67.7,54.2,,102,,44,377,712,4298,37,0.061797753,0.087715216,0.027027027
245,Tyquan Thornton,NWE,WR,22,13,9,0,0,0,0,0,3,16,5.33,1,45,22,247,11.23,2,0,0,3,,,44,66.3,69.3,55.3,,99,,48,263,881,5453,30,0.054483541,0.048230332,0.1
246,Justin Watson,KAN,WR,26,17,5,0,0,0,0,0,0,0,,0,34,15,315,21,2,0,0,2,,,44,58.5,61.5,51,,103,,34,315,934,6613,56,0.03640257,0.047633449,0.035714286
249,Hunter Renfrow,LVR,WR,27,10,1,0,0,0,0,0,0,0,,0,50,36,330,9.17,2,3,1,2,,,43,79,83,61,,104,,50,330,941,6048,40,0.053134963,0.054563492,0.05
254,Kadarius Toney,2TM,WR,23,9,4,0,0,0,0,0,7,82,11.71,1,20,16,171,10.69,2,1,1,3,,,41,57.3,61.3,49.3,,105,,27,253,1679,9137,58,0.016081001,0.027689614,0.051724138
255,Braxton Berrios,NYJ,WR,27,17,2,1,1,2,1,0,9,91,10.11,2,32,18,145,8.06,0,1,0,2,,,40,57.7,60.7,48.7,,106,,41,236,912,5464,27,0.04495614,0.043191801,0.074074074
258,Shi Smith,CAR,WR,24,17,6,0,0,0,0,0,0,0,,0,41,22,296,13.45,2,4,1,2,,,40,61.6,65.6,50.6,,107,,41,296,697,4281,27,0.058823529,0.069142724,0.074074074
259,Rashod Bateman,BAL,WR,23,6,5,0,0,0,0,0,0,0,,0,28,15,285,19,2,1,1,2,,,39,53.5,57.5,46,,109,,28,285,807,4816,34,0.034696406,0.059177741,0.058823529
260,Damiere Byrd,ATL,WR,29,14,4,0,0,0,0,0,0,0,,0,23,13,268,20.62,2,0,0,2,,,39,51.8,54.8,45.3,,108,,23,268,849,5131,35,0.027090695,0.052231534,0.057142857
267,A.J. Green,ARI,WR,34,15,10,0,0,0,0,0,0,0,,0,47,24,236,9.83,2,0,0,2,1,,38,61.6,64.6,49.6,,110,,47,236,843,4735,30,0.055753262,0.049841605,0.066666667
273,Jarvis Landry,NOR,WR,30,9,3,0,0,0,0,0,0,0,,0,39,25,272,10.88,1,1,0,1,1,,35,60.2,63.2,47.7,,111,,39,272,892,5742,35,0.043721973,0.047370254,0.028571429
274,Michael Thomas,NOR,WR,29,3,3,0,0,0,0,0,0,0,,0,22,16,171,10.69,3,0,0,3,,,35,51.1,54.1,43.1,,112,,22,171,892,5742,35,0.024663677,0.029780564,0.085714286
277,Tre'Quan Smith,NOR,WR,26,15,6,0,0,0,0,0,0,0,,0,27,19,278,14.63,1,0,0,1,,,34,52.8,55.8,43.3,,113,,27,278,892,5742,35,0.030269058,0.048415186,0.028571429
282,Robbie Chosen,2TM,WR,29,16,7,0,0,0,0,0,0,0,,0,44,20,282,14.1,1,1,1,1,,,32,52.2,56.2,42.2,,115,,44,282,1679,9137,58,0.026206075,0.030863522,0.017241379
283,Phillip Dorsett,HOU,WR,29,15,4,0,1,0,0,0,0,0,,0,40,20,257,12.85,1,0,0,1,,,32,51.7,54.7,41.7,,116,,40,257,853,4654,27,0.046893318,0.055221315,0.037037037
284,Kendall Hinton,DEN,WR,25,12,5,0,0,0,0,0,2,13,6.5,0,33,24,311,12.96,0,0,0,0,,,32,56.4,59.4,44.4,,114,,35,324,664,4387,22,0.052710843,0.07385457,0
288,Sammy Watkins,2TM,WR,29,12,5,0,0,0,0,0,0,0,,0,27,16,325,20.31,0,1,1,0,,,31,46.5,50.5,38.5,,117,,27,325,1679,9137,58,0.016081001,0.035569662,0
300,Wan'Dale Robinson,NYG,WR,21,6,3,0,0,0,0,0,2,-1,-0.5,0,31,23,227,9.87,1,0,0,1,,,29,51.6,54.6,40.1,,118,,33,226,796,4535,33,0.041457286,0.04983462,0.03030303
301,Dyami Brown,WAS,WR,23,15,0,0,0,0,0,0,1,15,15,0,14,5,143,28.6,2,0,0,2,,,28,32.8,35.8,30.3,,120,,15,158,1014,5709,33,0.014792899,0.0276756,0.060606061
303,Ashton Dulin,IND,WR,25,12,2,0,0,0,0,0,2,8,4,0,22,15,207,13.8,1,0,0,1,,,28,42.5,45.5,35,,121,,24,215,844,4934,23,0.028436019,0.043575193,0.043478261
304,KhaDarel Hodge,ATL,WR,27,17,1,0,0,0,0,0,0,0,,0,20,13,202,15.54,1,0,0,1,1,,28,41.2,44.2,34.7,,119,,20,202,849,5131,35,0.023557126,0.039368544,0.028571429
307,Velus Jones Jr.,CHI,WR,25,12,2,0,0,0,0,0,9,103,11.44,1,14,7,107,15.29,1,3,3,2,,,27,34,43,30.5,,122,,23,210,712,4298,37,0.032303371,0.048859935,0.054054054
310,Byron Pringle,CHI,WR,29,11,4,0,0,0,0,0,0,0,,0,16,10,135,13.5,2,0,0,2,,,26,35.5,38.5,30.5,,123,,16,135,712,4298,37,0.02247191,0.031409958,0.054054054
316,Jalen Nailor,MIN,WR,23,15,0,0,0,0,0,0,0,0,,0,13,9,179,19.89,1,0,0,1,,,24,32.9,35.9,28.4,,125,,13,179,908,5762,46,0.014317181,0.031065602,0.02173913
317,Brandon Powell,LAR,WR,27,17,6,0,0,0,0,0,17,80,4.71,0,32,24,156,6.5,0,1,0,0,,,24,47.6,50.6,35.6,,126,,49,236,867,4987,31,0.056516724,0.04732304,0
318,Khalil Shakir,BUF,WR,22,14,2,0,0,0,0,0,0,0,,0,20,10,161,16.1,1,0,0,1,1,,24,34.1,37.1,29.1,,124,,20,161,791,5461,49,0.02528445,0.02948178,0.020408163
321,Amari Rodgers,2TM,WR,23,16,1,0,0,0,0,0,2,7,3.5,0,25,16,204,12.75,1,6,2,1,,,23,39.1,44.1,31.1,,127,,27,211,1679,9137,58,0.016081001,0.023092919,0.017241379
322,Marquez Callaway,NOR,WR,24,14,3,0,0,0,0,0,0,0,,0,32,16,158,9.88,1,0,0,1,,,22,37.8,40.8,29.8,,129,,32,158,892,5742,35,0.035874439,0.027516545,0.028571429
323,River Cracraft,MIA,WR,28,11,0,0,0,0,0,0,0,0,,0,14,9,102,11.33,2,0,0,2,,,22,31.2,34.2,26.7,,128,,14,102,707,5498,36,0.01980198,0.018552201,0.055555556
326,David Bell,CLE,WR,22,16,3,0,0,0,0,0,0,0,,0,35,24,214,8.92,0,0,0,0,,,21,45.4,48.4,33.4,,130,,35,214,937,5733,39,0.037353255,0.037327752,0
331,Skyy Moore,KAN,WR,22,16,3,0,0,0,0,0,3,24,8,0,33,22,250,11.36,0,3,3,0,,,21,43.4,49.4,32.4,,131,,36,274,934,6613,56,0.038543897,0.04143354,0
332,Zach Pascal,PHI,WR,28,17,2,0,0,0,0,0,1,0,0,0,19,15,150,10,1,0,0,1,,,21,36,39,28.5,,133,,20,150,876,6110,57,0.02283105,0.024549918,0.01754386
334,Sterling Shepard,NYG,WR,29,3,2,0,0,0,0,0,0,0,,0,24,13,154,11.85,1,0,0,1,,,21,34.4,37.4,27.9,,132,,24,154,796,4535,33,0.030150754,0.033958104,0.03030303
338,Keelan Cole,LVR,WR,29,14,3,0,0,0,0,0,0,0,,0,21,10,141,14.1,1,1,0,1,,,20,30.1,33.1,25.1,,134,,21,141,941,6048,40,0.022316684,0.023313492,0.025
346,KJ Hamler,DEN,WR,23,7,0,0,0,0,0,0,2,23,11.5,0,14,7,165,23.57,0,0,0,0,,,19,25.8,28.8,22.3,,137,,16,188,664,4387,22,0.024096386,0.042853886,0
347,Scott Miller,TAM,WR,25,15,1,0,0,0,0,0,1,8,8,0,40,23,185,8.04,0,0,0,0,,,19,42.3,45.3,30.8,,135,,41,193,1072,6010,31,0.038246269,0.032113145,0
348,Denzel Mims,NYJ,WR,25,10,4,0,0,0,0,0,0,0,,0,25,11,186,16.91,0,0,0,0,,,19,29.6,32.6,24.1,,138,,25,186,912,5464,27,0.027412281,0.034040996,0
350,Jalen Reagor,MIN,WR,23,17,0,0,0,0,0,0,4,25,6.25,0,13,8,104,13,1,4,0,1,,,19,26.9,29.9,22.9,,136,,17,129,908,5762,46,0.018722467,0.02238806,0.02173913
356,N'Keal Harry,CHI,WR,25,7,0,0,0,0,0,0,0,0,,0,9,7,116,16.57,1,0,0,1,,,18,24.6,27.6,21.1,,139,,9,116,712,4298,37,0.012640449,0.026989297,0.027027027
364,Steven Sims,PIT,WR,25,12,2,0,0,0,0,0,13,70,5.38,0,23,14,104,7.43,0,3,0,0,,,17,31.4,34.4,24.4,,140,,36,174,900,5055,27,0.04,0.034421365,0
373,DeSean Jackson,BAL,WR,36,7,1,0,0,0,0,0,0,0,,0,17,9,153,17,0,0,0,0,,,15,24.3,27.3,19.8,,141,,17,153,807,4816,34,0.021065675,0.031769103,0
376,Anthony Schwartz,CLE,WR,22,11,1,0,0,0,0,0,4,57,14.25,1,10,4,51,12.75,0,1,1,1,,,15,18.8,19.8,16.8,,142,,14,108,937,5733,39,0.014941302,0.018838305,0.025641026
380,Kenny Golladay,NYG,WR,29,12,4,0,0,0,0,0,0,0,,0,17,6,81,13.5,1,0,0,1,,,14,20.1,20.1,17.1,,146,,17,81,796,4535,33,0.021356784,0.01786108,0.03030303
383,Tom Kennedy,DET,WR,26,7,1,0,0,0,0,0,0,0,,0,15,8,141,17.63,0,0,0,0,,,14,22.1,25.1,18.1,,147,,15,141,957,6081,50,0.015673981,0.023186976,0
385,Breshad Perriman,TAM,WR,29,11,3,0,0,0,0,0,2,-7,-3.5,0,19,9,110,12.22,1,2,1,1,,,14,23.3,27.3,18.8,,144,,21,103,1072,6010,31,0.019589552,0.017138103,0.032258065
386,Samori Toure,GNB,WR,24,11,2,0,0,0,0,0,0,0,,0,10,5,82,16.4,1,1,0,1,,,14,19.2,19.2,16.7,,145,,10,82,929,5654,39,0.010764263,0.014503007,0.025641026
387,Jameson Williams,DET,WR,21,6,0,0,0,0,0,0,1,40,40,0,9,1,41,41,1,0,0,1,,,14,15.1,15.1,14.6,,148,,10,81,957,6081,50,0.010449321,0.013320178,0.02
388,Cedrick Wilson Jr.,MIA,WR,27,15,0,0,0,0,0,0,1,8,8,0,18,12,136,11.33,0,0,0,0,,,14,26.4,29.4,20.4,,143,,19,144,707,5498,36,0.026874116,0.026191342,0
396,Jeff Smith,NYJ,WR,25,11,0,0,0,0,0,0,0,0,,0,11,8,134,16.75,0,0,0,0,,,13,21.4,24.4,17.4,,149,,11,134,912,5464,27,0.012061404,0.024524158,0
398,T.Y. Hilton,DAL,WR,33,3,0,0,0,0,0,0,0,0,,0,10,7,121,17.29,0,0,0,0,,,12,19.1,22.1,15.6,,150,,10,121,1020,6021,52,0.009803922,0.02009633,0
405,Jalen Virgil,DEN,WR,24,9,1,0,0,0,0,0,0,0,,0,5,2,75,37.5,1,1,1,1,,,12,13.5,14.5,12.5,,151,,5,75,664,4387,22,0.00753012,0.017095965,0.045454545
409,David Sills,NYG,WR,26,9,5,0,0,0,0,0,0,0,,0,17,11,106,9.64,0,0,0,0,,,11,21.6,24.6,16.1,,152,,17,106,796,4535,33,0.021356784,0.02337376,0
411,John Brown,BUF,WR,32,3,0,0,0,0,0,0,0,0,,0,2,1,42,42,1,0,0,1,,,10,11.2,11.2,10.7,,153,,2,42,791,5461,49,0.002528445,0.007690899,0.020408163
417,Marcus Johnson,NYG,WR,28,14,7,0,0,0,0,0,0,0,,0,22,9,99,11,0,0,0,0,,,10,18.9,18.9,14.4,,154,,22,99,796,4535,33,0.027638191,0.021830209,0
418,Dax Milne,WAS,WR,23,15,1,0,0,0,0,0,0,0,,0,7,6,37,6.17,1,1,0,1,,,10,15.7,15.7,12.7,,155,,7,37,1014,5709,33,0.006903353,0.006480995,0.03030303
422,Michael Bandy,LAC,WR,25,10,2,0,0,0,0,0,0,0,,0,21,10,89,8.9,0,0,0,0,,,9,18.9,18.9,13.9,,156,,21,89,1018,6154,41,0.020628684,0.014462138,0
429,Cam Sims,WAS,WR,26,17,3,0,0,0,0,0,0,0,,0,18,8,89,11.13,0,0,0,0,,,9,16.9,16.9,12.9,,157,,18,89,1014,5709,33,0.017751479,0.01558942,0
436,Brandon Johnson,DEN,WR,24,7,1,0,0,0,0,0,0,0,,0,14,6,42,7,1,1,1,1,,,8,14.2,15.2,11.2,,158,,14,42,664,4387,22,0.021084337,0.009573741,0.045454545
440,D'Wayne Eskridge,SEA,WR,25,10,0,0,0,0,0,0,2,10,5,0,13,7,58,8.29,0,0,0,0,,,7,13.8,13.8,10.3,,163,,15,68,893,5939,42,0.016797312,0.011449739,0
443,Ty Montgomery,NWE,WR,29,1,0,0,0,0,0,0,2,-2,-1,0,4,3,15,5,1,0,0,1,,,7,10.3,10.3,8.8,,161,,6,13,881,5453,30,0.006810443,0.002384009,0.033333333
444,Gunner Olszewski,PIT,WR,26,16,2,0,0,0,0,0,8,39,4.88,0,7,5,53,10.6,0,2,1,0,,,7,12.2,13.2,9.7,,162,,15,92,900,5055,27,0.016666667,0.018199802,0
445,Freddie Swain,2TM,WR,24,4,1,0,0,0,0,0,0,0,,0,6,4,74,18.5,0,1,0,0,,,7,11.4,11.4,9.4,,159,,6,74,1679,9137,58,0.003573556,0.008098938,0
447,Kevin White,NOR,WR,30,7,2,0,0,0,0,0,0,0,,0,5,2,74,37,0,0,0,0,,,7,9.4,9.4,8.4,,160,,5,74,892,5742,35,0.005605381,0.012887496,0
450,Jamison Crowder,BUF,WR,29,4,0,0,0,0,0,0,0,0,,0,13,6,60,10,0,1,0,0,,,6,12,12,9,,166,,13,60,791,5461,49,0.016434893,0.010986999,0
451,Jalen Guyton,LAC,WR,25,3,0,0,0,0,0,0,0,0,,0,4,2,64,32,0,0,0,0,,,6,8.4,8.4,7.4,,164,,4,64,1018,6154,41,0.003929273,0.01039974,0
453,Jake Kumerow,BUF,WR,30,6,1,0,0,0,0,0,0,0,,0,7,4,64,16,0,0,0,0,,,6,10.4,10.4,8.4,,165,,7,64,791,5461,49,0.008849558,0.011719465,0
454,Mike Strachan,IND,WR,25,13,0,0,0,0,0,0,0,0,,0,9,3,59,19.67,0,0,0,0,,,6,8.9,8.9,7.4,,167,,9,59,844,4934,23,0.010663507,0.011957844,0
455,Trent Taylor,CIN,WR,28,16,1,0,0,0,0,0,4,15,3.75,0,10,6,62,10.33,0,2,1,0,,,6,11.7,12.7,8.7,,170,,14,77,912,5794,49,0.015350877,0.01328961,0
456,Deven Thompkins,TAM,WR,23,5,1,0,0,0,0,0,2,26,13,0,10,5,32,6.4,0,1,0,0,,,6,10.8,10.8,8.3,,168,,12,58,1072,6010,31,0.01119403,0.009650582,0
457,Mike Thomas,CIN,WR,28,10,2,0,0,0,0,0,0,0,,0,10,2,38,19,0,0,0,0,1,,6,7.8,7.8,6.8,,169,,10,38,912,5794,49,0.010964912,0.006558509,0
460,Andre Baccellia,ARI,WR,25,8,0,0,0,0,0,0,0,0,,0,10,7,45,6.43,0,0,0,0,,,5,11.5,11.5,8,,173,,10,45,843,4735,30,0.011862396,0.009503696,0
463,Chris Conley,2TM,WR,30,9,1,0,0,0,0,0,0,0,,0,7,4,46,11.5,0,0,0,0,,,5,8.6,8.6,6.6,,172,,7,46,1679,9137,58,0.004169148,0.005034475,0
466,Cody Hollister,TEN,WR,29,11,3,0,0,0,0,0,0,0,,0,5,3,54,18,0,0,0,0,,,5,8.4,8.4,6.9,,171,,5,54,839,5012,33,0.005959476,0.010774142,0
476,Cole Beasley,2TM,WR,33,4,1,0,0,0,0,0,0,0,,0,7,6,35,5.83,0,0,0,0,,,4,9.5,9.5,6.5,,179,,7,35,1679,9137,58,0.004169148,0.003830579,0
482,Racey McMath,TEN,WR,23,5,0,0,0,0,0,0,1,4,4,0,8,2,40,20,0,0,0,0,,,4,6.4,6.4,5.4,,174,,9,44,839,5012,33,0.010727056,0.008778931,0
483,Kyle Philips,TEN,WR,23,4,0,0,0,0,0,0,0,0,,0,13,8,78,9.75,0,2,2,0,,,4,11.8,13.8,7.8,,178,,13,78,839,5012,33,0.015494636,0.01556265,0
484,James Proche,BAL,WR,26,15,0,0,1,0,0,1,0,0,,0,17,8,62,7.75,0,0,0,0,,,4,12.2,13.2,9.2,,175,,17,62,807,4816,34,0.021065675,0.012873754,0
485,Laquon Treadwell,SEA,WR,27,6,0,0,0,0,0,0,0,0,,0,10,6,42,7,0,0,0,0,,,4,10.2,10.2,7.2,,176,,10,42,893,5939,42,0.011198208,0.007071898,0
486,Michael Woods II,CLE,WR,22,10,0,0,0,0,0,0,1,-5,-5,0,10,5,45,9,0,0,0,0,,,4,9,9,6.5,,177,,11,40,937,5733,39,0.011739594,0.00697715,0
487,Daylen Baldwin,CLE,WR,23,1,0,0,0,0,0,0,0,0,,0,2,2,25,12.5,0,0,0,0,,,3,4.5,4.5,3.5,,185,,2,25,937,5733,39,0.002134472,0.004360719,0
489,Tyrie Cleveland,DEN,WR,25,6,0,0,0,0,0,0,0,0,,0,7,2,28,14,0,0,0,0,,,3,4.8,4.8,3.8,,182,,7,28,664,4387,22,0.010542169,0.006382494,0
490,Jaelon Darden,2TM,WR,23,14,0,0,0,0,0,0,1,2,2,0,2,2,26,13,0,0,0,0,,,3,4.8,4.8,3.8,,183,,3,28,1679,9137,58,0.001786778,0.003064463,0
494,Tim Jones,JAX,WR,24,17,1,0,0,0,0,0,0,0,,0,4,3,30,10,0,0,0,0,,,3,6,6,4.5,,181,,4,30,864,5591,37,0.00462963,0.005365766,0
496,DJ Turner,LVR,WR,25,9,0,0,0,0,0,0,4,26,6.5,0,1,0,0,,0,1,0,0,,,3,2.6,2.6,2.6,,184,,5,26,941,6048,40,0.005313496,0.004298942,0
497,Tylan Wallace,BAL,WR,23,9,0,0,0,0,0,0,0,0,,0,7,4,33,8.25,0,0,0,0,,,3,7.3,7.3,5.3,,180,,7,33,807,4816,34,0.008674102,0.006852159,0
500,Quintez Cephus,DET,WR,24,4,1,0,0,0,0,0,0,0,,0,3,2,15,7.5,0,0,0,0,,,2,3.5,3.5,2.5,,198,,3,15,957,6081,50,0.003134796,0.0024667,0
502,Pharoh Cooper,ARI,WR,27,5,1,0,0,0,0,0,4,15,3.75,0,2,2,6,3,0,0,0,0,,,2,4.1,4.1,3.1,,190,,6,21,843,4735,30,0.007117438,0.004435058,0
503,Frank Darby,ATL,WR,25,5,0,0,0,0,0,0,0,0,,0,1,1,15,15,0,0,0,0,,,2,2.5,2.5,2,,199,,1,15,849,5131,35,0.001177856,0.002923407,0
505,Bryan Edwards,ATL,WR,24,7,1,0,0,0,0,0,0,0,,0,5,3,15,5,0,0,0,0,,,2,4.5,4.5,3,,200,,5,15,849,5131,35,0.005889282,0.002923407,0
506,Simi Fehoko,DAL,WR,25,5,0,0,0,0,0,0,0,0,,0,4,3,24,8,0,0,0,0,,,2,5.4,5.4,3.9,,186,,4,24,1020,6021,52,0.003921569,0.003986049,0
508,Danny Gray,SFO,WR,23,13,0,0,0,0,0,0,1,9,9,0,7,1,10,10,0,0,0,0,,,2,2.9,2.9,2.4,,194,,8,19,584,4298,38,0.01369863,0.004420661,0
510,Penny Hart,SEA,WR,26,9,0,0,0,0,0,0,0,0,,0,4,3,20,6.67,0,0,0,0,,,2,5,5,3.5,,192,,4,20,893,5939,42,0.004479283,0.00336757,0
512,Dennis Houston,DAL,WR,23,2,0,0,0,0,0,0,0,0,,0,6,2,16,8,0,0,0,0,,,2,3.6,3.6,2.6,,197,,6,16,1020,6021,52,0.005882353,0.002657366,0
513,Lil'Jordan Humphrey,NWE,WR,24,6,2,0,0,0,0,0,0,0,,0,4,2,20,10,0,0,0,0,,,2,4,4,3,,193,,4,20,881,5453,30,0.004540295,0.003667706,0
514,Andy Isabella,2TM,WR,26,5,0,0,0,0,0,0,1,1,1,0,5,2,21,10.5,0,0,0,0,,,2,4.2,4.2,3.2,,189,,6,22,1679,9137,58,0.003573556,0.002407792,0
515,Cade Johnson,SEA,WR,24,3,0,0,0,0,0,0,0,0,,0,4,2,21,10.5,0,0,0,0,,,2,4.1,4.1,3.1,,191,,4,21,893,5939,42,0.004479283,0.003535949,0
517,Keith Kirkwood,NOR,WR,28,5,1,0,0,0,0,0,0,0,,0,4,2,18,9,0,0,0,0,,,2,3.8,3.8,2.8,,195,,4,18,892,5742,35,0.004484305,0.003134796,0
518,Dezmon Patmon,IND,WR,24,1,0,0,0,0,0,0,0,0,,0,6,2,24,12,0,0,0,0,,,2,4.4,4.4,3.4,,187,,6,24,844,4934,23,0.007109005,0.004864208,0
525,Juwann Winfree,GNB,WR,26,3,0,0,0,0,0,0,0,0,,0,4,1,17,17,0,0,0,0,,,2,2.7,2.7,2.2,,196,,4,17,929,5654,39,0.004305705,0.003006721,0
526,Dareke Young,SEA,WR,23,13,0,0,0,0,0,0,0,0,,0,2,2,24,12,0,0,0,0,,,2,4.4,4.4,3.4,,188,,2,24,893,5939,42,0.002239642,0.004041084,0
527,Maurice Alexander,DET,WR,25,4,0,0,0,0,0,0,0,0,,0,1,1,7,7,0,0,0,0,,,1,1.7,1.7,1.2,,207,,1,7,957,6081,50,0.001044932,0.001151126,0
531,C.J. Board,TEN,WR,29,4,0,0,0,0,0,0,0,0,,0,1,1,6,6,0,1,0,0,,,1,1.6,1.6,1.1,,209,,1,6,839,5012,33,0.001191895,0.001197127,0
533,Miles Boykin,PIT,WR,26,16,1,0,0,0,0,0,0,0,,0,3,2,11,5.5,0,0,0,0,,,1,3.1,3.1,2.1,,205,,3,11,900,5055,27,0.003333333,0.002176063,0
535,Jalen Camp,HOU,WR,24,2,0,0,0,0,0,0,0,0,,0,1,1,7,7,0,0,0,0,,,1,1.7,1.7,1.2,,208,,1,7,853,4654,27,0.001172333,0.001504083,0
543,Tyron Johnson,2TM,WR,26,4,1,0,0,0,0,0,0,0,,0,1,1,8,8,0,0,0,0,,,1,1.8,1.8,1.3,,206,,1,8,1679,9137,58,0.000595593,0.000875561,0
545,Jason Moore,LAC,WR,27,6,0,0,0,0,0,0,0,0,,0,2,1,5,5,0,0,0,0,,,1,1.5,1.5,1,,210,,2,5,1018,6154,41,0.001964637,0.00081248,0
551,Jalen Tolbert,DAL,WR,23,8,1,0,0,0,0,0,0,0,,0,3,2,12,6,0,0,0,0,,,1,3.2,3.2,2.2,,203,,3,12,1020,6021,52,0.002941176,0.001993024,0
552,Austin Trammell,LAR,WR,24,6,0,0,0,0,0,0,0,0,,0,4,2,13,6.5,0,0,0,0,,,1,3.3,3.3,2.3,,202,,4,13,867,4987,31,0.00461361,0.002606778,0
554,Montrell Washington,DEN,WR,23,15,1,0,0,0,0,0,5,30,6,0,9,4,2,0.5,0,5,1,0,,,1,5.2,6.2,3.2,,204,,14,32,664,4387,22,0.021084337,0.007294279,0
555,Nsimba Webster,CHI,WR,26,2,0,0,0,0,0,0,0,0,,0,3,2,14,7,0,1,0,0,,,1,3.4,3.4,2.4,,201,,3,14,712,4298,37,0.004213483,0.003257329,0
558,Deonte Harty,NOR,WR,25,4,0,0,0,0,0,0,0,0,,0,2,2,13,6.5,0,1,1,0,,,-1,1.3,2.3,0.3,,252,,2,13,892,5742,35,0.002242152,0.00226402,0
560,Ihmir Smith-Marsette,2TM,WR,23,8,0,0,0,0,0,0,1,-1,-1,0,4,1,15,15,0,1,1,0,,,-1,0.4,1.4,-0.1,,251,,5,14,1679,9137,58,0.002977963,0.001532232,0
561,KaVontae Turpin,DAL,WR,26,17,0,0,0,0,0,0,3,17,5.67,0,2,1,9,9,0,3,2,0,,,-1,-0.4,1.6,-0.9,,253,,5,26,1020,6021,52,0.004901961,0.00431822,0
563,Chester Rogers,CLE,WR,28,3,0,0,0,0,0,0,0,0,,0,0,0,0,,0,1,1,0,,,-2,-2,-1,-2,,254,,0,0,937,5733,39,0,0,0
31,Travis Kelce,KAN,TE,33,17,17,0,0,0,0,0,2,5,2.5,0,152,110,1338,12.16,12,1,1,12,1,,206,316.3,320.3,261.3,114,1,9,154,1343,934,6613,56,0.164882227,0.203084833,0.214285714
70,George Kittle,SFO,TE,29,15,15,0,0,0,0,0,0,0,,0,86,60,765,12.75,11,1,1,11,,,141,200.5,204.5,170.5,52,2,23,86,765,584,4298,38,0.147260274,0.177989763,0.289473684
74,Taysom Hill,NOR,TE,32,16,8,13,19,240,2,0,96,575,5.99,7,13,9,77,8.56,2,2,0,9,,,137,145.8,148.8,141.3,49,3,25,109,652,892,5742,35,0.122197309,0.113549286,0.257142857
83,T.J. Hockenson,2TM,TE,25,17,14,0,0,0,0,0,0,0,,0,129,86,914,10.63,6,1,1,6,2,,129,215.4,219.4,172.4,42,4,29,129,914,1679,9137,58,0.076831447,0.100032834,0.103448276
95,Mark Andrews,BAL,TE,27,15,15,0,0,0,0,0,3,8,2.67,0,113,73,847,11.6,5,1,0,5,1,,118,190.5,193.5,154,30,5,42,116,855,807,4816,34,0.143742255,0.177533223,0.147058824
115,Evan Engram,JAX,TE,28,17,14,0,0,0,0,0,2,13,6.5,0,98,73,766,10.49,4,0,0,4,1,,104,176.9,179.9,140.4,18,6,51,100,779,864,5591,37,0.115740741,0.139331068,0.108108108
120,Cole Kmet,CHI,TE,23,17,17,0,0,0,0,0,2,9,4.5,0,69,50,544,10.88,7,1,0,7,,,97,147.3,150.3,122.3,11,7,60,71,553,712,4298,37,0.099719101,0.128664495,0.189189189
128,Juwan Johnson,NOR,TE,26,16,12,0,0,0,0,0,0,0,,0,65,42,508,12.1,7,0,0,7,,,93,134.8,137.8,113.8,7,8,64,65,508,892,5742,35,0.072869955,0.088470916,0.2
133,Dawson Knox,BUF,TE,26,15,15,0,0,0,0,0,0,0,,0,65,48,517,10.77,6,0,0,6,,,88,135.7,138.7,111.7,2,9,71,65,517,791,5461,49,0.082174463,0.094671306,0.12244898
136,Dallas Goedert,PHI,TE,27,12,12,0,0,0,0,0,0,0,,0,69,55,702,12.76,3,1,1,3,,,86,141.2,145.2,113.7,1,10,72,69,702,876,6110,57,0.078767123,0.114893617,0.052631579
139,Dalton Schultz,DAL,TE,26,15,15,0,0,0,0,0,0,0,,0,89,57,577,10.12,5,1,1,5,,,86,142.7,146.7,114.2,,11,,89,577,1020,6021,52,0.087254902,0.095831257,0.096153846
143,Pat Freiermuth,PIT,TE,24,16,8,0,0,0,0,0,0,0,,0,98,63,732,11.62,2,0,0,2,,,85,148.2,151.2,116.7,,12,,98,732,900,5055,27,0.108888889,0.144807122,0.074074074
144,David Njoku,CLE,TE,26,14,14,0,0,0,0,0,2,-8,-4,0,80,58,628,10.83,4,1,1,4,,,84,142,146,113,,13,,82,620,937,5733,39,0.08751334,0.108145822,0.102564103
145,Gerald Everett,LAC,TE,28,16,11,0,0,0,0,0,1,0,0,0,87,58,555,9.57,4,0,0,4,1,,82,139.5,142.5,110.5,,14,,88,555,1018,6154,41,0.086444008,0.090185245,0.097560976
148,Jordan Akins,HOU,TE,30,15,3,0,0,0,0,0,0,0,,0,54,37,495,13.38,5,1,1,5,1,,80,116.5,120.5,98,,16,,54,495,853,4654,27,0.063305979,0.10636012,0.185185185
149,Tyler Higbee,LAR,TE,29,17,17,0,0,0,0,0,0,0,,0,108,72,620,8.61,3,0,0,3,,,80,152,155,116,,15,,108,620,867,4987,31,0.124567474,0.12432324,0.096774194
155,Tyler Conklin,NYJ,TE,27,17,16,0,0,0,0,0,2,3,1.5,0,87,58,552,9.52,3,2,0,3,,,74,131.5,134.5,102.5,,17,,89,555,912,5464,27,0.097587719,0.101573939,0.111111111
160,Noah Fant,SEA,TE,25,17,16,0,0,0,0,0,0,0,,0,63,50,486,9.72,4,0,0,4,,,73,122.6,125.6,97.6,,18,,63,486,893,5939,42,0.070548712,0.081831958,0.095238095
169,Zach Ertz,ARI,TE,32,10,10,0,0,0,0,0,0,0,,0,69,47,406,8.64,4,0,0,4,2,,69,115.6,118.6,92.1,,19,,69,406,843,4735,30,0.081850534,0.085744456,0.133333333
177,Mike Gesicki,MIA,TE,27,17,1,0,0,0,0,0,0,0,,0,52,32,362,11.31,5,0,0,5,,,66,98.2,101.2,82.2,,20,,52,362,707,5498,36,0.073550212,0.065842124,0.138888889
181,Chigoziem Okonkwo,TEN,TE,23,17,8,0,0,0,0,0,3,2,0.67,0,46,32,450,14.06,3,0,0,3,1,,65,97.2,100.2,81.2,,21,,49,452,839,5012,33,0.058402861,0.090183559,0.090909091
184,Hunter Henry,NWE,TE,28,17,14,0,0,0,0,0,0,0,,0,59,41,509,12.41,2,0,0,2,,,63,103.9,106.9,83.4,,22,,59,509,881,5453,30,0.066969353,0.093343114,0.066666667
195,Robert Tonyan,GNB,TE,28,17,3,0,0,0,0,0,0,0,,0,67,53,470,8.87,2,0,0,2,,,59,112,115,85.5,,23,,67,470,929,5654,39,0.07212056,0.08312699,0.051282051
200,Darren Waller,LVR,TE,30,9,6,0,0,0,0,0,0,0,,0,43,28,388,13.86,3,0,0,3,,,57,84.8,87.8,70.8,,24,,43,388,941,6048,40,0.045696068,0.064153439,0.075
203,Austin Hooper,TEN,TE,28,17,2,0,0,0,0,0,0,0,,0,60,41,444,10.83,2,0,0,2,,,56,97.4,100.4,76.9,,25,,60,444,839,5012,33,0.071513707,0.08858739,0.060606061
207,Isaiah Likely,BAL,TE,22,16,2,0,0,0,0,0,0,0,,0,60,36,373,10.36,3,0,0,3,,,55,91.3,94.3,73.3,,26,,60,373,807,4816,34,0.074349442,0.077450166,0.088235294
212,Will Dissly,SEA,TE,26,15,15,0,0,0,0,0,0,0,,0,38,34,349,10.26,3,0,0,3,,,53,86.9,89.9,69.9,,29,,38,349,893,5939,42,0.042553191,0.058764102,0.071428571
213,Greg Dulcich,DEN,TE,22,10,6,0,0,0,0,0,0,0,,0,55,33,411,12.45,2,0,0,2,,,53,86.1,89.1,69.6,,28,,55,411,664,4387,22,0.082831325,0.09368589,0.090909091
214,Hayden Hurst,CIN,TE,29,13,13,0,0,0,0,0,0,0,,0,68,52,414,7.96,2,0,0,2,,,53,105.4,108.4,79.4,,27,,68,414,912,5794,49,0.074561404,0.071453227,0.040816327
215,Foster Moreau,LVR,TE,25,15,14,0,0,0,0,0,0,2,,0,54,33,420,12.73,2,1,1,2,,,52,85.2,89.2,68.7,,30,,54,422,941,6048,40,0.05738576,0.069775132,0.05
221,Cade Otton,TAM,TE,23,16,11,0,0,0,0,0,0,0,,0,65,42,391,9.31,2,0,0,2,,,51,93.1,96.1,72.1,,31,,65,391,1072,6010,31,0.060634328,0.065058236,0.064516129
224,Jelani Woods,IND,TE,24,15,2,0,0,0,0,0,0,0,,0,40,25,312,12.48,3,1,0,3,,,49,74.2,77.2,61.7,,32,,40,312,844,4934,23,0.047393365,0.063234698,0.130434783
230,Kyle Pitts,ATL,TE,22,10,10,0,0,0,0,0,0,0,,0,59,28,356,12.71,2,0,0,2,,,48,75.6,78.6,61.6,,33,,59,356,849,5131,35,0.069493522,0.069382187,0.057142857
237,Brock Wright,DET,TE,24,17,10,0,0,0,0,0,0,0,,0,24,18,216,12,4,0,0,4,,,46,63.6,66.6,54.6,,34,,24,216,957,6081,50,0.02507837,0.035520474,0.08
239,Daniel Bellinger,NYG,TE,22,12,11,0,0,0,0,0,1,2,2,1,35,30,268,8.93,2,1,1,3,1,,45,75,79,60,,35,,36,270,796,4535,33,0.045226131,0.059536935,0.090909091
243,Colby Parkinson,SEA,TE,23,17,2,0,0,0,0,0,0,0,,0,34,25,322,12.88,2,0,0,2,,,44,69.2,72.2,56.7,,36,,34,322,893,5939,42,0.038073908,0.054217882,0.047619048
251,Noah Gray,KAN,TE,23,17,8,0,0,0,0,0,1,1,1,1,34,28,299,10.68,1,0,0,2,,,42,70,73,56,,37,,35,300,934,6613,56,0.037473233,0.04536519,0.035714286
262,MyCole Pruitt,ATL,TE,30,13,4,0,0,0,0,0,0,0,,0,21,16,150,9.38,4,0,0,4,,,39,55,58,47,,38,,21,150,849,5131,35,0.024734982,0.029234067,0.114285714
268,Logan Thomas,WAS,TE,31,14,13,0,0,0,0,0,0,0,,0,61,39,323,8.28,1,0,0,1,,,38,77.3,80.3,57.8,,39,,61,323,1014,5709,33,0.060157791,0.056577334,0.03030303
271,Mo Alie-Cox,IND,TE,29,17,11,0,0,0,0,0,0,0,,0,28,19,189,9.95,3,1,1,3,,,35,53.9,57.9,44.4,,41,,28,189,844,4934,23,0.033175355,0.038305634,0.130434783
275,C.J. Uzomah,NYJ,TE,29,15,13,0,0,0,0,0,0,0,,0,27,21,232,11.05,2,0,0,2,,,35,56.2,59.2,45.7,,40,,27,232,912,5464,27,0.029605263,0.042459736,0.074074074
279,Trey McBride,ARI,TE,23,16,13,0,0,0,0,0,0,0,,0,39,29,265,9.14,1,1,0,1,,,33,61.5,64.5,47,,43,,39,265,843,4735,30,0.046263345,0.055966209,0.033333333
281,Tommy Tremble,CAR,TE,22,17,4,0,0,0,0,0,0,0,,0,32,19,174,9.16,3,1,1,3,,,33,52.4,56.4,42.9,,42,,32,174,697,4281,27,0.045911047,0.040644709,0.111111111
286,Harrison Bryant,CLE,TE,24,17,9,0,0,0,0,0,1,8,8,0,42,31,239,7.71,1,0,0,1,,,31,61.7,64.7,46.2,,44,,43,247,937,5733,39,0.045891142,0.0430839,0.025641026
289,Kylen Granson,IND,TE,24,13,4,0,0,0,0,0,1,0,0,0,40,31,302,9.74,0,1,0,0,,,30,61.2,64.2,45.7,,45,,41,302,844,4934,23,0.048578199,0.061207945,0
292,Irv Smith Jr.,MIN,TE,24,8,1,0,0,0,0,0,0,0,,0,36,25,182,7.28,2,1,0,2,,,30,55.2,58.2,42.7,,46,,36,182,908,5762,46,0.039647577,0.031586255,0.043478261
293,Shane Zylstra,DET,TE,26,13,2,0,0,0,0,0,0,0,,0,15,11,60,5.45,4,0,0,4,,,30,41,41,35.5,,47,,15,60,957,6081,50,0.015673981,0.009866798,0.08
296,Jake Ferguson,DAL,TE,23,16,8,0,0,0,0,0,0,0,,0,22,19,174,9.16,2,0,0,2,,,29,48.4,51.4,38.9,,48,,22,174,1020,6021,52,0.021568627,0.028898854,0.038461538
297,Peyton Hendershot,DAL,TE,23,17,2,0,0,0,0,0,1,2,2,1,16,11,103,9.36,2,1,0,3,,,29,39.5,42.5,34,,49,,17,105,1020,6021,52,0.016666667,0.017438964,0.057692308
306,O.J. Howard,HOU,TE,28,13,10,0,0,0,0,0,0,0,,0,23,10,145,14.5,2,0,0,2,,,27,36.5,39.5,31.5,,52,,23,145,853,4654,27,0.026963658,0.031155995,0.074074074
308,Josh Oliver,BAL,TE,25,17,9,0,0,0,0,0,0,0,,0,25,14,149,10.64,2,0,0,2,,,27,40.9,43.9,33.9,,50,,25,149,807,4816,34,0.030978934,0.030938538,0.058823529
309,Adam Trautman,NOR,TE,25,15,12,0,0,0,0,0,0,0,,0,22,18,207,11.5,1,0,0,1,,,27,44.7,47.7,35.7,,51,,22,207,892,5742,35,0.024663677,0.036050157,0.028571429
312,Jonnu Smith,NWE,TE,27,14,8,0,0,0,0,0,1,5,5,0,38,27,245,9.07,0,1,0,0,,,25,52,55,38.5,,53,,39,250,881,5453,30,0.044267877,0.045846323,0
313,Durham Smythe,MIA,TE,27,16,15,0,0,0,0,0,2,1,0.5,1,20,15,129,8.6,1,0,0,2,,,25,40,43,32.5,,54,,22,130,707,5498,36,0.031117397,0.023644962,0.055555556
315,Connor Heyward,PIT,TE,23,17,0,0,0,0,0,0,2,27,13.5,0,17,12,151,12.58,1,0,0,1,,,24,35.8,38.8,29.8,,55,,19,178,900,5055,27,0.021111111,0.035212661,0.037037037
320,Teagan Quitoriano,HOU,TE,22,9,6,0,0,0,0,0,0,0,,0,14,7,113,16.14,2,0,0,2,,,23,30.3,33.3,26.8,,56,,14,113,853,4654,27,0.016412661,0.024280189,0.074074074
328,Jody Fortson,KAN,TE,27,13,1,0,0,0,0,0,0,0,,0,13,9,108,12,2,1,1,2,,,21,29.8,33.8,25.3,,57,,13,108,934,6613,56,0.01391863,0.016331468,0.035714286
330,Marcedes Lewis,GNB,TE,38,17,17,0,0,0,0,0,0,0,,0,7,6,66,11,2,0,0,2,1,,21,26.6,26.6,23.6,,59,,7,66,929,5654,39,0.007534984,0.011673152,0.051282051
333,Eric Saubert,DEN,TE,28,17,6,0,0,0,0,0,0,0,,0,24,15,148,9.87,1,0,0,1,,,21,35.8,38.8,28.3,,58,,24,148,664,4387,22,0.036144578,0.033736038,0.045454545
339,Johnny Mundt,MIN,TE,28,17,12,0,0,0,0,0,0,0,,0,21,19,140,7.37,1,0,0,1,,,20,39,42,29.5,,60,,21,140,908,5762,46,0.023127753,0.024297119,0.02173913
341,Ian Thomas,CAR,TE,26,17,17,0,0,0,0,0,0,0,,0,30,21,197,9.38,0,0,0,0,,,20,40.7,43.7,30.2,,63,,30,197,697,4281,27,0.043041607,0.046017286,0
342,Eric Tomlinson,DEN,TE,30,17,12,0,0,0,0,0,0,0,,0,13,9,79,8.78,2,0,0,2,,,20,28.9,28.9,24.4,,61,,13,79,664,4387,22,0.019578313,0.01800775,0.090909091
343,Mitchell Wilcox,CIN,TE,26,16,4,0,0,0,0,0,0,0,,0,18,17,139,8.18,1,0,0,1,,,20,36.9,39.9,28.4,,62,,18,139,912,5794,49,0.019736842,0.023990335,0.020408163
349,Donald Parham,LAC,TE,25,6,1,0,0,0,0,0,0,0,,0,12,10,130,13,1,0,0,1,,,19,29,32,24,,64,,12,130,1018,6154,41,0.011787819,0.021124472,0.024390244
355,Lawrence Cager,2TM,TE,25,7,4,0,0,0,0,0,0,0,,0,19,13,118,9.08,1,0,0,1,,,18,30.8,33.8,24.3,,65,,19,118,1679,9137,58,0.01131626,0.012914523,0.017241379
359,John Bates,WAS,TE,25,16,7,0,0,0,0,0,0,0,,0,22,14,108,7.71,1,1,0,1,,,17,30.8,33.8,23.8,,68,,22,108,1014,5709,33,0.021696252,0.018917499,0.03030303
360,Cameron Brate,TAM,TE,31,11,1,0,0,0,0,0,0,0,,0,38,20,174,8.7,0,0,0,0,,,17,37.4,40.4,27.4,,66,,38,174,1072,6010,31,0.035447761,0.028951747,0
362,Ross Dwelley,SFO,TE,27,12,0,0,0,0,0,0,0,0,,0,5,3,105,35,1,0,0,1,,,17,19.5,22.5,18,,69,,5,105,584,4298,38,0.008561644,0.024429967,0.026315789
363,James Mitchell,DET,TE,23,14,0,0,0,0,0,0,0,0,,0,11,11,113,10.27,1,0,0,1,,,17,28.3,31.3,22.8,,67,,11,113,957,6081,50,0.011494253,0.01858247,0.02
371,Albert Okwuegbunam,DEN,TE,24,8,1,0,0,0,0,0,0,0,,0,18,10,95,9.5,1,0,0,1,,,16,25.5,25.5,20.5,,70,,18,95,664,4387,22,0.027108434,0.021654889,0.045454545
379,Dan Arnold,JAX,TE,27,17,0,0,0,0,0,0,0,0,,0,13,9,135,15,0,0,0,0,,,14,22.5,25.5,18,,72,,13,135,864,5591,37,0.015046296,0.024145949,0
384,Ko Kieft,TAM,TE,24,17,12,0,0,0,0,0,0,0,,0,10,7,80,11.43,1,0,0,1,,,14,21,21,17.5,,71,,10,80,1072,6010,31,0.009328358,0.013311148,0.032258065
391,Zach Gentry,PIT,TE,26,17,13,0,0,0,0,0,0,0,,0,23,19,132,6.95,0,0,0,0,,,13,32.2,35.2,22.7,,73,,23,132,900,5055,27,0.025555556,0.02611276,0
393,Tanner Hudson,NYG,TE,28,11,0,0,0,0,0,0,0,0,,0,15,10,132,13.2,0,0,0,0,,,13,23.2,26.2,18.2,,74,,15,132,796,4535,33,0.018844221,0.029106946,0
394,Brevin Jordan,HOU,TE,22,11,3,0,0,0,0,0,0,0,,0,28,14,128,9.14,0,0,0,0,,,13,26.8,29.8,19.8,,75,,28,128,853,4654,27,0.032825322,0.027503223,0
397,Pharaoh Brown,2TM,TE,28,16,8,0,0,0,0,0,0,0,,0,20,12,117,9.75,0,0,0,0,,,12,23.7,26.7,17.7,,79,,20,117,1679,9137,58,0.011911852,0.012805078,0
401,Quintin Morris,BUF,TE,23,14,1,0,0,0,0,0,0,0,,0,11,8,84,10.5,1,1,1,1,,,12,20.4,21.4,16.4,,76,,11,84,791,5461,49,0.013906448,0.015381798,0.020408163
403,Jack Stoll,PHI,TE,24,17,11,0,0,0,0,0,0,0,,0,14,11,123,11.18,0,0,0,0,,,12,23.3,26.3,17.8,,77,,14,123,876,6110,57,0.015981735,0.020130933,0
404,Geoff Swaim,TEN,TE,29,17,13,0,0,0,0,0,0,0,,0,16,12,58,4.83,1,0,0,1,,,12,23.8,23.8,17.8,,78,,16,58,839,5012,33,0.019070322,0.011572227,0.03030303
406,Josiah Deguara,GNB,TE,25,17,3,0,0,0,0,0,0,0,,0,15,13,114,8.77,0,0,0,0,,,11,24.4,27.4,17.9,,80,,15,114,929,5654,39,0.016146394,0.020162717,0
408,Brycen Hopkins,LAR,TE,25,14,1,0,0,0,0,0,0,0,,0,11,7,109,15.57,0,0,0,0,,,11,17.9,20.9,14.4,,81,,11,109,867,4987,31,0.012687428,0.021856828,0
416,Anthony Firkser,ATL,TE,27,11,1,0,0,0,0,0,0,0,,0,13,9,100,11.11,0,0,0,0,,,10,19,22,14.5,,82,,13,100,849,5131,35,0.015312132,0.019489378,0
423,Parker Hesse,ATL,TE,27,17,7,0,0,0,0,0,0,0,,0,11,9,89,9.89,0,0,0,0,,,9,17.9,17.9,13.4,,84,,11,89,849,5131,35,0.012956419,0.017345547,0
427,Armani Rogers,WAS,TE,25,11,3,0,0,0,0,0,2,26,13,0,6,5,64,12.8,0,0,0,0,,,9,14,14,11.5,,83,,8,90,1014,5709,33,0.007889546,0.015764582,0
428,Kyle Rudolph,TAM,TE,33,9,0,0,0,0,0,0,0,0,,0,5,3,28,9.33,1,0,0,1,,,9,11.8,11.8,10.3,,85,,5,28,1072,6010,31,0.004664179,0.004658902,0.032258065
433,Blake Bell,KAN,TE,31,3,1,0,0,0,0,0,0,0,,0,2,2,20,10,1,0,0,1,,,8,10,10,9,,87,,2,20,934,6613,56,0.002141328,0.003024346,0.017857143
434,Grant Calcaterra,PHI,TE,24,15,2,0,0,0,0,0,0,0,,0,9,5,81,16.2,0,0,0,0,,,8,13.1,13.1,10.6,,86,,9,81,876,6110,57,0.010273973,0.013256956,0
439,Andrew Beck,DEN,TE,26,13,4,0,0,0,0,0,2,0,0,0,11,5,69,13.8,0,0,0,0,,,7,11.9,11.9,9.4,,89,,13,69,664,4387,22,0.019578313,0.015728288,0
441,Tyler Mabry,SEA,TE,26,2,0,0,0,0,0,0,0,0,,0,1,1,7,7,1,0,0,1,,,7,7.7,7.7,7.2,,90,,1,7,893,5939,42,0.001119821,0.00117865,0.023809524
442,Tre' McKitty,LAC,TE,23,17,8,0,0,0,0,0,0,0,,0,18,10,72,7.2,0,1,0,0,,,7,17.2,17.2,12.2,,88,,18,72,1018,6154,41,0.017681729,0.011699708,0
452,Tyler Kroft,SFO,TE,30,11,4,0,0,0,0,0,0,0,,0,5,4,57,14.25,0,0,0,0,,,6,9.7,9.7,7.7,,91,,5,57,584,4298,38,0.008561644,0.013261982,0
458,Nick Vannett,2TM,TE,29,9,3,0,0,0,0,0,0,0,,0,9,6,55,9.17,0,0,0,0,,,6,11.5,11.5,8.5,,92,,9,55,1679,9137,58,0.005360334,0.006019481,0
469,Charlie Kolar,BAL,TE,23,2,0,0,0,0,0,0,0,0,,0,6,4,49,12.25,0,0,0,0,,,5,8.9,8.9,6.9,,93,,6,49,807,4816,34,0.007434944,0.010174419,0
472,Stephen Sullivan,CAR,TE,26,14,0,0,0,0,0,0,0,0,,0,6,2,46,23,0,0,0,0,,,5,6.6,6.6,5.6,,94,,6,46,697,4281,27,0.008608321,0.010745153,0
475,Trevon Wesco,CHI,TE,27,14,1,0,0,0,0,0,0,0,,0,4,2,26,13,0,0,0,0,1,,5,6.6,6.6,5.6,,95,,4,26,712,4298,37,0.005617978,0.006049325,0
477,Kendall Blanton,LAR,TE,27,4,0,0,0,0,0,0,0,0,,0,2,2,35,17.5,0,0,0,0,,,4,5.5,5.5,4.5,,98,,2,35,867,4987,31,0.002306805,0.007018247,0
479,Luke Farrell,JAX,TE,25,17,0,0,0,0,0,0,0,0,,0,4,4,40,10,0,0,0,0,,,4,8,8,6,,97,,4,40,864,5591,37,0.00462963,0.007154355,0
480,Chris Manhertz,JAX,TE,30,17,11,0,0,0,0,0,0,0,,0,8,6,42,7,0,0,0,0,,,4,10.2,10.2,7.2,,96,,8,42,864,5591,37,0.009259259,0.007512073,0
491,Tyler Davis,GNB,TE,25,17,1,0,0,0,0,0,0,0,,0,7,4,26,6.5,0,0,0,0,,,3,6.6,6.6,4.6,,99,,7,26,929,5654,39,0.007534984,0.004598514,0
492,Ben Ellefson,MIN,TE,26,4,1,0,0,0,0,0,0,0,,0,3,3,26,8.67,0,0,0,0,,,3,5.6,5.6,4.1,,100,,3,26,908,5762,46,0.003303965,0.004512322,0
493,Ryan Griffin,CHI,TE,32,15,0,0,0,0,0,0,0,0,,0,8,4,26,6.5,0,0,0,0,,,3,6.6,6.6,4.6,,101,,8,26,712,4298,37,0.011235955,0.006049325,0
511,Jesper Horsted,LVR,TE,25,15,0,0,0,0,0,0,0,0,,0,4,3,19,6.33,0,0,0,0,,,2,4.9,4.9,3.4,,103,,4,19,941,6048,40,0.004250797,0.003141534,0
521,Stone Smartt,LAC,TE,24,7,1,0,0,0,0,0,0,0,,0,5,4,17,4.25,0,0,0,0,,,2,5.7,5.7,3.7,,105,,5,17,1018,6154,41,0.004911591,0.002762431,0
523,Cole Turner,WAS,TE,22,10,2,0,0,0,0,0,0,0,,0,9,2,23,11.5,0,0,0,0,,,2,4.3,4.3,3.3,,102,,9,23,1014,5709,33,0.00887574,0.004028727,0
524,Maxx Williams,ARI,TE,28,11,1,0,0,0,0,0,0,0,,0,3,3,18,6,0,0,0,0,,,2,4.8,4.8,3.3,,104,,3,18,843,4735,30,0.003558719,0.003801478,0
529,Stephen Anderson,ARI,TE,29,16,0,0,0,0,0,0,0,0,,0,7,3,9,3,0,0,0,0,,,1,3.9,3.9,2.4,,107,,7,9,843,4735,30,0.008303677,0.001900739,0
530,Devin Asiasi,CIN,TE,25,12,0,0,0,0,0,0,0,0,,0,4,2,5,2.5,0,0,0,0,,,1,2.5,2.5,1.5,,112,,4,5,912,5794,49,0.004385965,0.000862962,0
537,Jacob Harris,LAR,TE,25,7,0,0,0,0,0,0,0,0,,0,1,1,6,6,0,0,0,0,,,1,1.6,1.6,1.1,,110,,1,6,867,4987,31,0.001153403,0.001203128,0
544,Sean McKeon,DAL,TE,25,13,0,0,0,0,0,0,0,0,,0,3,2,11,5.5,0,0,0,0,,,1,3.1,3.1,2.1,,106,,3,11,1020,6021,52,0.002941176,0.001826939,0
547,Jeremy Ruckert,NYJ,TE,22,9,0,0,0,0,0,0,0,0,,0,2,1,8,8,0,0,0,0,,,1,1.8,1.8,1.3,,108,,2,8,912,5464,27,0.002192982,0.001464129,0
548,Mason Schreck,HOU,TE,29,3,1,0,0,0,0,0,0,0,,0,2,2,6,3,0,0,0,0,,,1,2.6,2.6,1.6,,111,,2,6,853,4654,27,0.002344666,0.001289214,0
550,Tommy Sweeney,BUF,TE,27,5,0,0,0,0,0,0,0,0,,0,1,1,7,7,0,0,0,0,,,1,1.7,1.7,1.2,,109,,1,7,791,5461,49,0.001264223,0.001281817,0
12,Josh Jacobs,LVR,RB,24,17,17,0,0,0,0,0,340,1653,4.86,12,64,53,400,7.55,0,3,1,12,,,275,328.3,335.3,301.8,127,1,2,404,2053,941,6048,40,0.429330499,0.339451058,0.3
14,Christian McCaffrey,2TM,RB,26,17,16,1,1,34,1,0,244,1139,4.67,8,108,85,741,8.72,5,1,0,13,,,271,356.4,362.4,313.9,123,2,3,352,1880,1679,9137,58,0.2096486,0.205756813,0.224137931
15,Derrick Henry,TEN,RB,28,16,16,2,2,4,1,0,349,1538,4.41,13,41,33,398,12.06,0,6,3,13,,,270,302.8,311.8,286.3,122,3,4,390,1936,839,5012,33,0.464839094,0.386272945,0.393939394
16,Austin Ekeler,LAC,RB,27,17,17,0,0,0,0,0,204,915,4.49,13,127,107,722,6.75,5,5,3,18,,,266,372.7,381.7,319.2,118,4,6,331,1637,1018,6154,41,0.325147348,0.26600585,0.43902439
17,Nick Chubb,CLE,RB,27,17,17,0,0,0,0,0,302,1525,5.05,12,37,27,239,8.85,1,1,1,13,1,,254,281.4,288.4,267.9,107,5,10,339,1764,937,5733,39,0.361792956,0.307692308,0.333333333
24,Saquon Barkley,NYG,RB,25,16,16,0,0,0,0,0,295,1312,4.45,10,76,57,338,5.93,0,1,0,10,1,,227,284,290,255.5,82,6,15,371,1650,796,4535,33,0.466080402,0.363836825,0.303030303
27,Jamaal Williams,DET,RB,27,17,9,0,0,0,0,0,262,1066,4.07,17,16,12,73,6.08,0,3,2,17,1,,214,225.9,230.9,219.9,69,7,18,278,1139,957,6081,50,0.290491118,0.18730472,0.34
29,Tony Pollard,DAL,RB,25,16,4,0,0,0,0,0,193,1007,5.22,9,55,39,371,9.51,3,0,0,12,,,210,248.8,254.8,229.3,65,8,20,248,1378,1020,6021,52,0.243137255,0.228865637,0.230769231
33,Dalvin Cook,MIN,RB,27,17,17,0,0,0,0,0,264,1173,4.44,8,56,39,295,7.56,2,4,4,10,,,199,237.8,247.8,218.3,55,9,21,320,1468,908,5762,46,0.352422907,0.254772648,0.217391304
35,Miles Sanders,PHI,RB,25,17,15,0,0,0,0,0,259,1269,4.9,11,26,20,78,3.9,0,2,2,11,,,197,216.7,221.7,206.7,53,10,22,285,1347,876,6110,57,0.325342466,0.220458265,0.192982456
38,Aaron Jones,GNB,RB,28,17,17,0,0,0,0,0,213,1121,5.26,2,72,59,395,6.69,5,5,3,7,1,,190,248.6,257.6,219.1,46,11,26,285,1516,929,5654,39,0.306781485,0.268128758,0.179487179
40,Najee Harris,PIT,RB,24,17,17,1,1,4,0,0,272,1034,3.8,7,53,41,229,5.59,3,3,2,10,,,182,223.5,231.5,203,40,12,31,325,1263,900,5055,27,0.361111111,0.249851632,0.37037037
42,Rhamondre Stevenson,NWE,RB,24,17,7,0,0,0,0,0,210,1040,4.95,5,88,69,421,6.1,1,4,1,6,,,180,249.1,256.1,214.6,37,13,33,298,1461,881,5453,30,0.338251986,0.267925912,0.2
43,Joe Mixon,CIN,RB,26,14,14,0,0,0,0,0,210,814,3.88,7,75,60,441,7.35,2,0,0,9,,,180,239.5,245.5,209.5,37,14,34,285,1255,912,5794,49,0.3125,0.216603383,0.183673469
44,Kenneth Walker III,SEA,RB,22,15,11,0,0,0,0,0,228,1050,4.61,9,35,27,165,6.11,0,0,0,9,,,176,202.5,208.5,189,33,15,37,263,1215,893,5939,42,0.294512878,0.204579896,0.214285714
46,Travis Etienne,JAX,RB,23,17,12,0,0,0,0,0,220,1125,5.11,5,45,35,316,9.03,0,5,3,5,1,,170,205.1,214.1,187.6,28,16,43,265,1441,864,5591,37,0.306712963,0.257735647,0.135135135
48,Ezekiel Elliott,DAL,RB,27,15,14,0,0,0,0,0,231,876,3.79,12,23,17,92,5.41,0,0,0,12,,,169,185.8,188.8,177.3,27,17,44,254,968,1020,6021,52,0.249019608,0.160770636,0.230769231
57,Alvin Kamara,NOR,RB,27,15,13,0,0,0,0,0,223,897,4.02,2,77,57,490,8.6,2,4,4,4,,,155,211.7,221.7,183.2,14,18,54,300,1387,892,5742,35,0.33632287,0.241553466,0.114285714
59,James Conner,ARI,RB,27,13,13,0,0,0,0,0,183,782,4.27,7,58,46,300,6.52,1,3,1,8,,,154,200.2,207.2,177.2,13,19,55,241,1082,843,4735,30,0.285883749,0.228511088,0.266666667
61,Leonard Fournette,TAM,RB,27,16,9,0,1,0,0,1,189,668,3.53,3,83,73,523,7.16,3,0,0,6,,,153,226.1,233.1,190.6,12,20,56,272,1191,1072,6010,31,0.253731343,0.198169717,0.193548387
67,David Montgomery,CHI,RB,25,16,16,0,0,0,0,0,201,801,3.99,5,40,34,316,9.29,1,2,2,6,,,144,177.7,185.7,160.7,3,21,66,241,1117,712,4298,37,0.338483146,0.25988832,0.162162162
68,D'Andre Swift,DET,RB,23,14,8,0,0,0,0,0,99,542,5.47,5,70,48,389,8.1,3,1,0,8,1,,143,191.1,197.1,167.1,3,23,67,169,931,957,6081,50,0.176593521,0.153099819,0.16
69,Tyler Allgeier,ATL,RB,22,16,7,0,0,0,0,0,210,1035,4.93,3,17,16,139,8.69,1,0,0,4,1,,143,159.4,165.4,151.4,3,22,68,227,1174,849,5131,35,0.26737338,0.228805301,0.114285714
71,AJ Dillon,GNB,RB,24,17,3,0,0,0,0,0,186,770,4.14,7,43,28,206,7.36,0,1,0,7,,,140,167.6,173.6,153.6,,26,,229,976,929,5654,39,0.246501615,0.172621153,0.179487179
72,Jerick McKinnon,KAN,RB,30,17,0,0,0,0,0,0,72,291,4.04,1,71,56,512,9.14,9,1,1,10,1,,140,196.3,203.3,168.3,,24,,143,803,934,6613,56,0.153104925,0.121427491,0.178571429
73,Devin Singletary,BUF,RB,25,16,16,0,0,0,0,0,177,819,4.63,5,52,38,280,7.37,1,3,3,6,,,140,177.9,186.9,158.9,,25,,229,1099,791,5461,49,0.289506953,0.201245193,0.12244898
77,Raheem Mostert,MIA,RB,30,16,14,0,0,0,0,0,181,891,4.92,3,42,31,202,6.52,2,1,1,5,,,137,168.3,175.3,152.8,,27,,223,1093,707,5498,36,0.315417256,0.198799563,0.138888889
78,Jeff Wilson,2TM,RB,27,16,7,0,0,0,0,0,176,860,4.89,5,37,22,185,8.41,1,3,2,6,,,137,158.5,166.5,147.5,,28,,213,1045,1679,9137,58,0.126861227,0.114370143,0.103448276
80,Dameon Pierce,HOU,RB,22,13,13,0,0,0,0,0,220,939,4.27,4,39,30,165,5.5,1,4,2,5,,,136,166.4,174.4,151.4,,29,,259,1104,853,4654,27,0.303634232,0.237215299,0.185185185
81,Cordarrelle Patterson,ATL,RB,31,13,11,0,0,0,0,0,144,695,4.83,8,31,21,122,5.81,0,1,1,9,,,134,154.7,161.7,144.2,,30,,175,817,849,5131,35,0.206124853,0.159228221,0.257142857
84,Cam Akers,LAR,RB,23,15,9,0,0,0,0,0,188,786,4.18,7,18,13,117,9,0,2,2,7,,,128,141.3,149.3,134.8,,31,,206,903,867,4987,31,0.237600923,0.181070784,0.225806452
85,Latavius Murray,2TM,RB,32,13,7,0,0,0,0,0,171,760,4.44,6,35,27,132,4.89,0,1,0,6,1,,127,154.2,160.2,140.7,,32,,206,892,1679,9137,58,0.122692079,0.097625041,0.103448276
88,D'Onta Foreman,CAR,RB,26,17,9,0,0,0,0,0,203,914,4.5,5,9,5,26,5.2,0,1,0,5,1,,126,131,134,128.5,,33,,212,940,697,4281,27,0.304160689,0.219574866,0.185185185
91,Isiah Pacheco,KAN,RB,23,17,11,0,0,0,0,0,170,830,4.88,5,14,13,130,10,0,4,2,5,,,122,135,143,128.5,,34,,184,960,934,6613,56,0.197002141,0.145168607,0.089285714
93,Antonio Gibson,WAS,RB,24,15,6,0,0,0,0,0,149,546,3.66,3,58,46,353,7.67,2,1,0,5,,,120,165.9,171.9,142.9,,35,,207,899,1014,5709,33,0.204142012,0.15747066,0.151515152
97,Jonathan Taylor,IND,RB,23,11,11,0,0,0,0,0,192,861,4.48,4,40,28,143,5.11,0,3,3,4,,,118,146.4,155.4,132.4,,36,,232,1004,844,4934,23,0.274881517,0.203486015,0.173913043
109,Khalil Herbert,CHI,RB,24,13,1,0,0,0,0,0,129,731,5.67,4,12,9,57,6.33,1,0,0,5,,,109,117.8,120.8,113.3,,37,,141,788,712,4298,37,0.198033708,0.183341089,0.135135135
116,Samaje Perine,CIN,RB,27,16,2,0,0,0,0,0,95,394,4.15,2,51,38,287,7.55,4,0,0,6,,,104,142.1,148.1,123.1,,38,,146,681,912,5794,49,0.160087719,0.117535381,0.12244898
117,Brian Robinson Jr.,WAS,RB,23,12,9,0,0,0,0,0,205,797,3.89,2,12,9,60,6.67,1,2,0,3,,,104,112.7,115.7,108.2,,39,,217,857,1014,5709,33,0.214003945,0.150113855,0.090909091
124,Breece Hall,NYJ,RB,21,7,2,0,0,0,0,0,80,463,5.79,4,31,19,218,11.47,1,1,1,5,,,96,115.1,122.1,105.6,,40,,111,681,912,5464,27,0.121710526,0.124633968,0.185185185
129,Kareem Hunt,CLE,RB,27,17,0,0,0,0,0,0,123,468,3.8,3,44,35,210,6,1,1,0,4,,,92,126.8,132.8,109.3,,41,,167,678,937,5733,39,0.178228388,0.11826269,0.102564103
132,Rachaad White,TAM,RB,23,17,8,0,0,0,0,0,129,481,3.73,1,58,50,290,5.8,2,3,3,3,,,89,139.1,148.1,114.1,,42,,187,771,1072,6010,31,0.174440299,0.12828619,0.096774194
135,Kenyan Drake,BAL,RB,28,12,5,0,0,0,0,0,109,482,4.42,4,26,17,89,5.24,1,1,0,5,,,87,104.1,107.1,95.6,,43,,135,571,807,4816,34,0.167286245,0.118563123,0.147058824
141,Michael Carter,NYJ,RB,23,16,10,0,0,0,0,0,114,402,3.53,3,54,41,288,7.02,0,2,1,3,,,85,126,133,105.5,,44,,168,690,912,5464,27,0.184210526,0.126281113,0.111111111
142,James Cook,BUF,RB,23,16,0,0,0,0,0,0,89,507,5.7,2,32,21,180,8.57,1,1,1,3,,,85,105.7,112.7,95.2,,45,,121,687,791,5461,49,0.152970923,0.125801135,0.06122449
147,Clyde Edwards-Helaire,KAN,RB,23,10,6,0,0,0,0,0,71,302,4.25,3,23,17,151,8.88,3,0,0,6,,,81,98.3,104.3,89.8,,46,,94,453,934,6613,56,0.100642398,0.068501437,0.107142857
153,James Robinson,2TM,RB,24,11,5,0,0,0,0,0,110,425,3.86,3,14,11,51,4.64,2,1,0,5,,,78,88.6,91.6,83.1,,47,,124,476,1679,9137,58,0.073853484,0.052095874,0.086206897
156,J.K. Dobbins,BAL,RB,24,8,8,0,0,0,0,0,92,520,5.65,2,8,7,42,6,1,0,0,3,,,74,81.2,84.2,77.7,,48,,100,562,807,4816,34,0.123915737,0.116694352,0.088235294
157,Damien Harris,NWE,RB,25,11,9,0,0,0,0,0,106,462,4.36,3,23,17,97,5.71,0,0,0,3,,,74,90.9,93.9,82.4,,49,,129,559,881,5453,30,0.146424518,0.102512379,0.1
158,Chuba Hubbard,CAR,RB,23,15,2,0,0,0,0,0,95,466,4.91,2,17,14,171,12.21,0,2,1,2,,,74,87.7,94.7,80.7,,50,,112,637,697,4281,27,0.160688666,0.14879701,0.074074074
162,Alexander Mattison,MIN,RB,24,17,0,0,0,0,0,0,74,283,3.82,5,18,15,91,6.07,1,0,0,6,,,73,88.4,91.4,80.9,,51,,92,374,908,5762,46,0.101321586,0.064908018,0.130434783
179,Eno Benjamin,3TM,RB,23,15,3,0,0,0,0,0,77,313,4.06,2,34,25,193,7.72,0,0,0,2,1,,65,89.6,95.6,77.1,,54,,111,506,111,506,2,1,1,1
180,Kenneth Gainwell,PHI,RB,23,17,0,0,0,0,0,0,53,240,4.53,4,29,23,169,7.35,0,0,0,4,,,65,87.9,93.9,76.4,,53,,82,409,876,6110,57,0.093607306,0.066939444,0.070175439
182,Jaylen Warren,PIT,RB,24,16,0,0,0,0,0,0,77,379,4.92,1,33,28,214,7.64,0,1,0,1,,,65,93.3,99.3,79.3,,52,,110,593,900,5055,27,0.122222222,0.117309594,0.037037037
187,Melvin Gordon,DEN,RB,29,10,6,0,0,0,0,0,90,318,3.53,2,32,25,223,8.92,0,5,2,2,,,62,87.1,95.1,74.6,,55,,122,541,664,4387,22,0.18373494,0.123318897,0.090909091
194,Gus Edwards,BAL,RB,27,9,4,0,0,0,0,0,87,433,4.98,3,2,0,0,,0,1,1,3,,,59,59.3,63.3,59.3,,56,,89,433,807,4816,34,0.110285006,0.089908638,0.088235294
196,Chase Edmonds,2TM,RB,26,13,3,0,0,0,0,0,68,245,3.6,2,24,16,157,9.81,1,0,0,3,,,58,74.2,80.2,66.2,,57,,92,402,1679,9137,58,0.054794521,0.043996936,0.051724138
198,Darrell Henderson,LAR,RB,25,10,7,0,0,0,0,0,70,283,4.04,3,22,17,102,6,0,0,0,3,,,57,73.5,79.5,65,,58,,92,385,867,4987,31,0.106113033,0.077200722,0.096774194
202,Dontrell Hilliard,TEN,RB,27,12,1,0,0,0,0,0,22,145,6.59,0,26,21,177,8.43,4,0,0,4,,,56,77.2,83.2,66.7,,59,,48,322,839,5012,33,0.057210965,0.06424581,0.121212121
205,Deon Jackson,IND,RB,23,16,2,0,0,0,0,0,68,236,3.47,1,34,30,209,6.97,1,1,1,2,,,55,84.5,91.5,69.5,,60,,102,445,844,4934,23,0.120853081,0.090190515,0.086956522
209,Zack Moss,2TM,RB,25,13,3,0,0,0,0,0,93,456,4.9,1,13,11,39,3.55,0,1,1,1,,,54,64.5,68.5,59,,61,,106,495,1679,9137,58,0.063132817,0.054175331,0.017241379
218,Nyheim Hines,2TM,RB,26,16,5,0,0,0,0,0,24,33,1.38,1,37,30,241,8.03,1,2,0,4,,,51,81.4,84.4,66.4,,62,,61,274,1679,9137,58,0.036331149,0.029987961,0.068965517
219,Joshua Kelley,LAC,RB,25,13,1,0,0,0,0,0,69,287,4.16,2,25,14,101,7.21,0,0,0,2,,,51,64.8,70.8,57.8,,63,,94,388,1018,6154,41,0.092337917,0.063048424,0.048780488
222,Jamycal Hasty,JAX,RB,26,17,0,0,0,0,0,0,46,194,4.22,2,26,20,126,6.3,1,0,0,3,,,50,70,76,60,,64,,72,320,864,5591,37,0.083333333,0.057234842,0.081081081
229,Rashaad Penny,SEA,RB,26,5,5,0,0,0,0,0,57,346,6.07,2,5,4,16,4,0,1,0,2,,,48,52.2,55.2,50.2,,65,,62,362,893,5939,42,0.069428891,0.060953022,0.047619048
234,Zonovan Knight,NYJ,RB,21,7,4,0,0,0,0,0,85,300,3.53,1,14,13,100,7.69,0,2,0,1,,,46,59,65,52.5,,66,,99,400,912,5464,27,0.108552632,0.073206442,0.037037037
248,Caleb Huntley,ATL,RB,24,12,0,0,0,0,0,0,76,366,4.82,1,2,2,3,1.5,0,1,0,1,,,43,44.9,47.9,43.9,,67,,78,369,849,5131,35,0.091872792,0.071915806,0.028571429
252,Elijah Mitchell,SFO,RB,24,5,1,0,0,0,0,0,45,279,6.2,2,4,3,7,2.33,0,0,0,2,,,41,43.6,46.6,42.1,,69,,49,286,584,4298,38,0.08390411,0.066542578,0.052631579
253,Boston Scott,PHI,RB,27,15,2,0,0,0,0,0,54,217,4.02,3,6,5,15,3,0,0,0,3,,,41,46.2,49.2,43.7,,68,,60,232,876,6110,57,0.068493151,0.03797054,0.052631579
256,Matt Breida,NYG,RB,27,17,1,0,0,0,0,0,54,220,4.07,1,25,20,118,5.9,0,0,0,1,,,40,59.8,65.8,49.8,,71,,79,338,796,4535,33,0.099246231,0.074531422,0.03030303
257,Rex Burkhead,HOU,RB,32,16,0,0,1,0,0,0,26,80,3.08,0,51,37,204,5.51,1,0,0,2,,,40,77.4,80.4,58.9,,70,,77,284,853,4654,27,0.090269637,0.061022776,0.074074074
261,Justin Jackson,DET,RB,26,16,0,0,0,0,0,0,42,170,4.05,1,19,12,101,8.42,1,0,0,2,,,39,51.1,57.1,45.1,,72,,61,271,957,6081,50,0.063740857,0.044565039,0.04
276,Mark Ingram,NOR,RB,33,10,3,0,0,0,0,0,62,233,3.76,1,18,16,68,4.25,0,2,2,1,1,,34,50.1,55.1,42.1,,74,,80,301,892,5742,35,0.089686099,0.052420759,0.028571429
278,Raheem Blackshear,CAR,RB,23,13,1,0,0,0,0,0,23,77,3.35,3,12,10,93,9.3,0,1,1,3,,,33,43,44,38,,75,,35,170,697,4281,27,0.050215208,0.039710348,0.111111111
285,Jordan Mason,SFO,RB,23,16,0,0,0,0,0,0,43,258,6,1,0,0,0,,0,0,0,1,,,32,31.8,34.8,31.8,,76,,43,258,584,4298,38,0.073630137,0.06002792,0.026315789
287,Ty Johnson,NYJ,RB,25,17,1,0,0,0,0,0,30,160,5.33,1,24,12,88,7.33,0,0,0,1,,,31,42.8,45.8,36.8,,77,,54,248,912,5464,27,0.059210526,0.045387994,0.037037037
290,Justice Hill,BAL,RB,25,15,0,0,0,0,0,0,49,262,5.35,0,12,12,58,4.83,0,2,1,0,,,30,42,46,36,,79,,61,320,807,4816,34,0.0755886,0.066445183,0
291,Marlon Mack,2TM,RB,26,8,0,0,0,0,0,0,16,84,5.25,1,10,8,99,12.38,1,0,0,2,,,30,38.3,38.3,34.3,,78,,26,183,1679,9137,58,0.015485408,0.020028456,0.034482759
294,Ameer Abdullah,LVR,RB,29,17,0,0,0,0,0,0,4,20,5,0,32,25,211,8.44,1,0,0,1,,,29,54.1,57.1,41.6,,81,,36,231,941,6048,40,0.038257173,0.038194444,0.025
295,DeeJay Dallas,SEA,RB,24,15,0,0,1,0,0,1,35,186,5.31,0,19,17,126,7.41,0,1,0,0,,,29,46.2,53.2,38.7,,80,,54,312,893,5939,42,0.060470325,0.052534097,0
298,J.D. McKissic,WAS,RB,29,8,0,0,0,0,0,0,22,95,4.32,0,40,27,173,6.41,0,0,0,0,1,,29,55.8,58.8,42.3,,82,,62,268,1014,5709,33,0.061143984,0.046943423,0
299,Dare Ogunbowale,HOU,RB,28,17,4,0,0,0,0,0,42,123,2.93,1,26,20,104,5.2,0,0,0,1,,,29,48.7,54.7,38.7,,83,,68,227,853,4654,27,0.07971864,0.048775247,0.037037037
302,Malik Davis,DAL,RB,24,12,0,0,0,0,0,0,38,161,4.24,1,7,6,63,10.5,0,0,0,1,,,28,34.4,37.4,31.4,,84,,45,224,1020,6021,52,0.044117647,0.037203122,0.019230769
305,Travis Homer,SEA,RB,24,10,1,0,0,0,0,0,19,74,3.89,0,18,16,157,9.81,1,1,1,1,,,27,43.1,47.1,35.1,,85,,37,231,893,5939,42,0.041433371,0.038895437,0.023809524
311,Javonte Williams,DEN,RB,22,4,4,0,0,0,0,0,47,204,4.34,0,22,16,76,4.75,0,1,1,0,,,26,42,46,34,,86,,69,280,664,4387,22,0.103915663,0.063824937,0
314,Gary Brightwell,NYG,RB,23,17,0,0,0,0,0,0,31,141,4.55,1,8,5,39,7.8,0,0,0,1,,,24,29,32,26.5,,87,,39,180,796,4535,33,0.048994975,0.03969129,0.03030303
324,Craig Reynolds,DET,RB,26,9,0,0,0,0,0,0,23,102,4.43,0,10,9,116,12.89,0,0,0,0,,,22,30.8,36.8,26.3,,89,,33,218,957,6081,50,0.034482759,0.035849367,0
325,Kyren Williams,LAR,RB,22,10,0,0,0,0,0,0,35,139,3.97,0,12,9,76,8.44,0,0,0,0,,,22,30.5,33.5,26,,90,,47,215,867,4987,31,0.054209919,0.043112091,0
336,Avery Williams,ATL,RB,24,17,3,0,0,0,0,0,22,109,4.95,1,14,13,61,4.69,0,1,1,1,,,21,34,38,27.5,,92,,36,170,849,5131,35,0.042402827,0.033131943,0.028571429
337,Mike Boone,DEN,RB,27,9,0,0,0,0,0,0,24,102,4.25,0,15,9,96,10.67,0,0,0,0,,,20,28.8,31.8,24.3,,94,,39,198,664,4387,22,0.05873494,0.045133349,0
340,Pierre Strong,NWE,RB,24,15,0,0,0,0,0,0,10,100,10,1,7,7,42,6,0,0,0,1,,,20,27.2,30.2,23.7,,93,,17,142,881,5453,30,0.019296254,0.026040712,0.033333333
345,Tevin Coleman,SFO,RB,29,5,0,0,0,0,0,0,12,26,2.17,1,3,3,44,14.67,1,0,0,2,,,19,22,22,20.5,,96,,15,70,584,4298,38,0.025684932,0.016286645,0.052631579
351,Jonathan Williams,WAS,RB,28,13,2,0,0,0,0,0,37,152,4.11,0,10,7,40,5.71,0,0,0,0,,,19,26.2,29.2,22.7,,95,,47,192,1014,5709,33,0.046351085,0.033631109,0
353,Brandon Bolden,LVR,RB,32,16,0,0,0,0,0,0,17,66,3.88,0,9,9,57,6.33,1,0,0,1,,,18,27.3,27.3,22.8,,97,,26,123,941,6048,40,0.027630181,0.020337302,0.025
354,Malcolm Brown,LAR,RB,29,11,0,0,0,0,0,0,18,81,4.5,1,6,5,37,7.4,0,0,0,1,,,18,22.8,22.8,20.3,,98,,24,118,867,4987,31,0.027681661,0.02366152,0.032258065
361,Corey Clement,ARI,RB,28,9,1,0,0,0,0,0,15,55,3.67,1,7,5,54,10.8,0,0,0,1,,,17,21.9,21.9,19.4,,100,,22,109,843,4735,30,0.026097272,0.023020063,0.033333333
365,Benny Snell Jr.,PIT,RB,24,17,0,0,0,0,0,0,20,90,4.5,1,2,2,17,8.5,0,0,0,1,,,17,18.7,18.7,17.7,,101,,22,107,900,5055,27,0.024444444,0.021167161,0.037037037
367,Darrel Williams,ARI,RB,27,6,0,0,0,0,0,0,21,102,4.86,1,8,4,9,2.25,0,0,0,1,,,17,21.1,24.1,19.1,,99,,29,111,843,4735,30,0.034400949,0.02344245,0.033333333
370,Sony Michel,LAC,RB,27,10,0,0,0,0,0,0,36,106,2.94,0,13,9,53,5.89,0,0,0,0,,,16,24.9,27.9,20.4,,102,,49,159,1018,6154,41,0.048133595,0.025836854,0
372,Hassan Haskins,TEN,RB,23,15,1,0,0,0,0,0,25,93,3.72,0,12,11,57,5.18,0,0,0,0,,,15,26,26,20.5,,105,,37,150,839,5012,33,0.044100119,0.029928172,0
374,Ronald Jones II,KAN,RB,25,6,0,0,0,0,0,0,17,70,4.12,1,1,1,22,22,0,0,0,1,,,15,16.2,16.2,15.7,,103,,18,92,934,6613,56,0.019271949,0.013911992,0.017857143
382,Keaontay Ingram,ARI,RB,23,12,0,0,0,0,0,0,27,60,2.22,1,5,4,21,5.25,0,0,0,1,,,14,18.1,18.1,16.1,,106,,32,81,843,4735,30,0.037959668,0.017106653,0.033333333
389,Salvon Ahmed,MIA,RB,24,12,0,0,0,0,0,0,12,64,5.33,1,1,1,8,8,0,0,0,1,,,13,14.2,14.2,13.7,,108,,13,72,707,5498,36,0.018387553,0.013095671,0.027777778
390,Royce Freeman,HOU,RB,26,4,1,0,0,0,0,0,41,117,2.85,0,8,6,33,5.5,0,1,1,0,,,13,19,23,16,,109,,49,150,853,4654,27,0.057444314,0.032230339,0
407,Kevin Harris,NWE,RB,22,5,1,0,0,0,0,0,18,52,2.89,1,0,0,0,,0,0,0,1,,,11,11.2,11.2,11.2,,112,,18,52,881,5453,30,0.020431328,0.009536035,0.033333333
412,Snoop Conner,JAX,RB,23,8,0,0,0,0,0,0,12,42,3.5,1,0,0,0,,0,0,0,1,,,10,10.2,10.2,10.2,,113,,12,42,864,5591,37,0.013888889,0.007512073,0.027027027
413,Tyrion Davis-Price,SFO,RB,22,6,0,0,0,0,0,0,34,99,2.91,0,2,0,0,,0,0,0,0,,,10,9.9,9.9,9.9,,115,,36,99,584,4298,38,0.061643836,0.023033969,0
414,Chris Evans,CIN,RB,25,12,0,0,0,0,0,0,0,0,,0,4,3,38,12.67,1,0,0,1,,,10,12.8,12.8,11.3,,116,,4,38,912,5794,49,0.004385965,0.006558509,0.020408163
415,Darrynton Evans,CHI,RB,24,6,0,0,0,0,0,0,14,64,4.57,0,1,1,33,33,0,0,0,0,,,10,10.7,10.7,10.2,,117,,15,97,712,4298,37,0.021067416,0.022568637,0
419,Kene Nwangwu,MIN,RB,24,17,0,0,0,0,0,0,9,14,1.56,0,2,2,21,10.5,0,0,0,1,,,10,11.5,11.5,10.5,,118,,11,35,908,5762,46,0.012114537,0.00607428,0.02173913
424,Phillip Lindsay,IND,RB,28,3,0,0,0,0,0,0,15,49,3.27,0,8,6,19,3.17,0,0,0,0,1,,9,14.8,14.8,11.8,,120,,23,68,844,4934,23,0.027251185,0.013781921,0
431,Jordan Wilkins,IND,RB,28,4,0,0,0,0,0,0,13,58,4.46,0,8,6,29,4.83,0,0,0,0,,,9,14.7,14.7,11.7,,121,,21,87,844,4934,23,0.024881517,0.017632752,0
432,Tyler Badie,DEN,RB,22,1,0,0,0,0,0,0,1,0,0,0,1,1,24,24,1,0,0,1,,,8,9.4,9.4,8.9,,122,,2,24,664,4387,22,0.003012048,0.005470709,0.045454545
437,Jaret Patterson,WAS,RB,23,3,0,0,0,0,0,0,17,78,4.59,0,1,0,0,,0,0,0,0,,,8,7.8,7.8,7.8,,123,,18,78,1014,5709,33,0.017751479,0.013662638,0
446,Ke'Shawn Vaughn,TAM,RB,25,15,0,0,0,0,0,0,17,53,3.12,0,4,3,19,6.33,0,0,0,0,,,7,10.2,10.2,8.7,,124,,21,72,1072,6010,31,0.019589552,0.011980033,0
448,Zamir White,LVR,RB,23,14,0,0,0,0,0,0,17,70,4.12,0,0,0,0,,0,0,0,0,,,7,7,7,7,,125,,17,70,941,6048,40,0.018065887,0.011574074,0
459,Trayveon Williams,CIN,RB,25,8,0,0,0,0,0,0,6,30,5,0,3,2,30,15,0,0,0,0,,,6,8,8,7,,126,,9,60,912,5794,49,0.009868421,0.01035554,0
461,Spencer Brown,CAR,RB,24,2,0,0,0,0,0,0,9,43,4.78,0,4,2,10,5,0,0,0,0,,,5,7.3,7.3,6.3,,130,,13,53,697,4281,27,0.018651363,0.012380285,0
462,Julius Chestnut,TEN,RB,22,6,0,0,0,0,0,0,9,12,1.33,0,3,3,41,13.67,0,0,0,0,,,5,8.3,8.3,6.8,,131,,12,53,839,5012,33,0.014302741,0.010574621,0
465,Myles Gaskin,MIA,RB,25,4,0,0,0,0,0,0,10,26,2.6,0,6,4,28,7,0,0,0,0,,,5,9.4,9.4,7.4,,127,,16,54,707,5498,36,0.022630835,0.009821753,0
467,David Johnson,NOR,RB,31,5,0,0,0,0,0,0,12,24,2,0,4,4,47,11.75,0,1,1,0,,,5,9.1,10.1,7.1,,132,,16,71,892,5742,35,0.01793722,0.01236503,0
468,Tony Jones,2TM,RB,25,6,0,0,0,0,0,0,10,24,2.4,0,8,5,30,6,0,0,0,0,,,5,10.4,10.4,7.9,,128,,18,54,1679,9137,58,0.010720667,0.005910036,0
470,Ronnie Rivers,LAR,RB,23,8,1,0,0,0,0,0,9,21,2.33,0,5,5,29,5.8,0,0,0,0,,,5,10,10,7.5,,133,,14,50,867,4987,31,0.016147636,0.010026068,0
471,Isaiah Spiller,LAC,RB,21,6,0,0,0,0,0,0,18,41,2.28,0,3,3,13,4.33,0,0,0,0,,,5,8.4,8.4,6.9,,129,,21,54,1018,6154,41,0.020628684,0.008774781,0
473,Patrick Taylor,GNB,RB,24,14,0,0,0,0,0,0,10,31,3.1,0,1,1,17,17,0,0,0,0,,,5,5.8,5.8,5.3,,134,,11,48,929,5654,39,0.011840689,0.008489565,0
474,Dwayne Washington,NOR,RB,28,12,0,0,0,0,0,0,11,38,3.45,0,1,1,7,7,0,0,0,0,,,5,5.5,5.5,5,,135,,12,45,892,5742,35,0.013452915,0.007836991,0
478,Trestan Ebner,CHI,RB,23,17,0,0,0,0,0,0,24,54,2.25,0,8,2,8,4,0,2,1,0,,,4,6.2,7.2,5.2,,136,,32,62,712,4298,37,0.04494382,0.014425314,0
481,Anthony McFarland Jr.,PIT,RB,24,1,0,0,0,0,0,0,6,30,5,0,2,2,11,5.5,0,0,0,0,,,4,6.1,6.1,5.1,,137,,8,41,900,5055,27,0.008888889,0.008110781,0
488,Giovani Bernard,TAM,RB,31,8,0,0,0,0,0,0,8,28,3.5,0,2,2,-1,-0.5,0,1,0,0,,,3,4.7,4.7,3.7,,140,,10,27,1072,6010,31,0.009328358,0.004492512,0
495,Larry Rountree,LAC,RB,23,4,0,0,0,0,0,0,13,19,1.46,0,2,2,14,7,0,0,0,0,,,3,5.3,5.3,4.3,,138,,15,33,1018,6154,41,0.014734774,0.005362366,0
498,Jonathan Ward,2TM,RB,25,8,0,0,0,0,0,0,5,25,5,0,3,2,7,3.5,0,0,0,0,,,3,5.2,5.2,4.2,,139,,8,32,1679,9137,58,0.004764741,0.003502244,0
501,Ty Chandler,MIN,RB,24,3,0,0,0,0,0,0,6,20,3.33,0,0,0,0,,0,0,0,0,,,2,2,2,2,,143,,6,20,908,5762,46,0.00660793,0.003471017,0
504,Mike Davis,BAL,RB,29,8,0,0,0,0,0,0,8,18,2.25,0,2,2,4,2,0,1,0,0,,,2,4.2,4.2,3.2,,142,,10,22,807,4816,34,0.012391574,0.004568106,0
516,D'Ernest Johnson,CLE,RB,26,15,0,0,0,0,0,0,4,17,4.25,0,3,3,7,2.33,0,0,0,0,,,2,5.4,5.4,3.9,,141,,7,24,937,5733,39,0.007470651,0.00418629,0
520,Trey Sermon,PHI,RB,23,2,0,0,0,0,0,0,2,19,9.5,0,0,0,0,,0,0,0,0,,,2,1.9,1.9,1.9,,145,,2,19,876,6110,57,0.002283105,0.003109656,0
522,J.J. Taylor,NWE,RB,24,1,0,0,0,0,0,0,10,9,0.9,0,1,1,8,8,0,0,0,0,,,2,2.7,2.7,2.2,,148,,11,17,881,5453,30,0.012485812,0.00311755,0
532,Reggie Bonnafon,WAS,RB,26,1,0,0,0,0,0,0,3,8,2.67,0,0,0,0,,0,0,0,0,,,1,0.8,0.8,0.8,,153,,3,8,1014,5709,33,0.00295858,0.001401296,0
536,Jerome Ford,CLE,RB,23,13,0,0,0,0,0,0,8,12,1.5,0,0,0,0,,0,0,0,0,,,1,1.2,1.2,1.2,,149,,8,12,937,5733,39,0.008537887,0.002093145,0
538,Kylin Hill,GNB,RB,24,2,0,0,0,0,0,0,1,7,7,0,0,0,0,,0,0,0,0,,,1,0.7,0.7,0.7,,154,,1,7,929,5654,39,0.001076426,0.001238062,0
540,Godwin Igwebuike,SEA,RB,28,5,0,0,0,0,0,0,3,4,1.33,0,1,1,3,3,0,0,0,0,,,1,1.7,1.7,1.2,,155,,4,7,893,5939,42,0.004479283,0.00117865,0
546,Devine Ozigbo,DEN,RB,26,4,0,0,0,0,0,0,3,4,1.33,0,1,1,3,3,0,0,0,0,,,1,1.7,1.7,1.2,,156,,4,7,664,4387,22,0.006024096,0.001595623,0
556,Ty'Son Williams,ARI,RB,26,1,0,0,0,0,0,0,0,0,,0,1,1,5,5,0,0,0,0,,,1,1.5,1.5,1,,157,,1,5,843,4735,30,0.00118624,0.001055966,0
562,Taiwan Jones,BUF,RB,34,16,0,0,0,0,0,0,0,0,,0,0,0,0,,0,1,1,0,,,-2,-2,-1,-2,,175,,0,0,791,5461,49,0,0,0
1,Patrick Mahomes,KAN,QB,27,17,17,435,648,5250,41,12,61,358,5.87,4,1,1,6,6,0,5,0,4,1,2,416,417.4,435.4,428.9,136,1,1,,,,,,,,
2,Josh Allen,BUF,QB,26,16,16,359,567,4283,35,14,124,762,6.15,7,0,0,0,,0,13,5,7,1,1,396,395.5,420.5,409.5,117,2,7,,,,,,,,
3,Jalen Hurts,PHI,QB,24,15,15,306,460,3701,22,6,165,760,4.61,13,0,0,0,,0,9,2,13,2,,378,378,392,384,100,3,12,,,,,,,,
4,Joe Burrow,CIN,QB,26,16,16,414,606,4475,35,12,75,257,3.43,5,0,0,0,,0,6,3,5,,3,351,350.7,371.7,362.7,74,4,17,,,,,,,,
5,Geno Smith,SEA,QB,32,17,17,399,572,4282,30,11,68,366,5.38,1,0,0,0,,0,8,4,1,,,304,303.9,324.9,314.9,30,5,40,,,,,,,,
6,Trevor Lawrence,JAX,QB,23,17,17,387,584,4113,25,8,62,291,4.69,5,0,0,0,,0,12,9,5,,3,296,295.6,318.6,303.6,23,7,45,,,,,,,,
7,Justin Fields,CHI,QB,23,15,15,192,318,2242,17,11,160,1143,7.14,8,0,0,0,,0,16,2,8,,1,296,296,315,307,23,6,46,,,,,,,,
8,Kirk Cousins,MIN,QB,34,17,17,424,643,4547,29,14,31,97,3.13,2,0,0,0,,0,7,3,2,,3,292,291.6,311.6,305.6,19,8,50,,,,,,,,
9,Daniel Jones,NYG,QB,25,16,16,317,472,3205,15,5,120,708,5.9,7,0,0,0,,0,6,3,7,,2,289,289,303,294,16,9,53,,,,,,,,
10,Jared Goff,DET,QB,28,17,17,382,587,4438,29,7,29,73,2.52,0,1,1,5,5,0,7,4,0,1,1,283,284.3,298.3,290.8,11,10,57,,,,,,,,
11,Justin Herbert,LAC,QB,24,17,17,477,699,4739,25,10,54,147,2.72,0,2,2,-10,-5,0,8,3,0,,1,279,281.3,300.3,290.3,7,11,63,,,,,,,,
13,Tom Brady,TAM,QB,45,17,17,490,733,4694,25,9,29,-1,-0.03,1,1,0,0,,0,5,4,1,,2,272,271.7,287.7,280.7,,12,73,,,,,,,,
19,Aaron Rodgers,GNB,QB,39,17,17,350,542,3695,26,12,34,94,2.76,1,0,0,0,,0,8,4,1,,2,239,239.2,258.2,251.2,,13,74,,,,,,,,
21,Lamar Jackson,BAL,QB,25,12,12,203,326,2242,17,7,112,764,6.82,3,0,0,0,,0,5,2,3,,1,236,236.1,251.1,243.1,,14,75,,,,,,,,
22,Tua Tagovailoa,MIA,QB,24,13,13,259,400,3548,25,8,23,70,3.04,0,0,0,0,,0,6,1,0,,,231,230.9,242.9,238.9,,15,76,,,,,,,,
25,Russell Wilson,DEN,QB,34,15,15,292,483,3524,16,11,55,277,5.04,3,1,1,1,1,0,6,2,3,,,225,225.8,244.8,236.3,,16,77,,,,,,,,
26,Derek Carr,LVR,QB,31,15,15,305,502,3522,24,14,24,102,4.25,0,0,0,0,,0,4,0,0,,,219,219.1,239.1,233.1,,17,78,,,,,,,,
32,Kyler Murray,ARI,QB,25,11,11,259,390,2368,14,7,67,418,6.24,3,0,0,0,,0,8,2,3,1,3,201,200.5,215.5,207.5,,18,,,,,,,,,
34,Dak Prescott,DAL,QB,29,12,12,261,394,2860,23,15,45,182,4.04,1,0,0,0,,0,4,1,1,,,199,198.6,220.6,213.6,,19,,,,,,,,,
36,Marcus Mariota,ATL,QB,29,13,13,184,300,2219,15,9,85,438,5.15,4,0,0,0,,0,8,3,4,,2,197,196.6,214.6,205.6,,20,,,,,,,,,
41,Davis Mills,HOU,QB,24,15,15,292,479,3118,17,15,32,108,3.38,2,0,0,0,,0,8,3,2,,1,182,181.5,205.5,196.5,,21,,,,,,,,,
45,Andy Dalton,NOR,QB,35,14,14,252,378,2871,18,9,30,54,1.8,0,0,0,0,,0,5,1,0,,1,174,174.2,187.2,183.2,,22,,,,,,,,,
47,Mac Jones,NWE,QB,24,14,14,288,442,2997,14,11,47,102,2.17,1,0,0,0,,0,5,1,1,,1,170,170.1,188.1,181.1,,23,,,,,,,,,
49,Jacoby Brissett,CLE,QB,30,16,11,236,369,2608,12,6,49,243,4.96,2,0,0,0,,0,6,4,2,,,169,168.6,184.6,174.6,,24,,,,,,,,,
51,Jimmy Garoppolo,SFO,QB,31,11,10,207,308,2437,16,4,23,33,1.43,2,0,0,0,,0,3,2,2,,,165,164.8,173.8,168.8,,25,,,,,,,,,
53,Ryan Tannehill,TEN,QB,34,12,12,212,325,2536,13,6,34,98,2.88,2,0,0,0,,0,3,2,2,,1,161,161.2,172.2,167.2,,26,,,,,,,,,
58,Matt Ryan,IND,QB,37,12,12,309,461,3057,14,13,27,70,2.59,1,0,0,0,,0,15,5,1,,,155,155.3,176.3,168.3,,27,,,,,,,,,
64,Kenny Pickett,PIT,QB,24,13,12,245,389,2404,7,9,55,237,4.31,3,0,0,0,,0,4,1,3,,2,150,149.9,165.9,158.9,,28,,,,,,,,,
92,Baker Mayfield,2TM,QB,27,12,10,201,335,2163,10,8,31,89,2.87,1,0,0,0,,0,9,2,1,,,121,121.4,134.4,129.4,,29,,,,,,,,,
99,Taylor Heinicke,WAS,QB,29,9,9,161,259,1859,12,6,28,96,3.43,1,0,0,0,,0,7,5,1,,,116,116,130,122,,30,,,,,,,,,
104,Carson Wentz,WAS,QB,30,8,7,172,276,1755,11,9,22,86,3.91,1,0,0,0,,0,6,1,1,,2,113,112.8,125.8,121.8,,31,,,,,,,,,
110,Matthew Stafford,LAR,QB,34,9,9,206,303,2087,10,8,13,9,0.69,1,0,0,0,,0,5,3,1,,,108,108.4,122.4,116.4,,32,,,,,,,,,
114,Brock Purdy,SFO,QB,23,9,5,114,170,1374,13,4,22,13,0.59,1,0,0,0,,0,0,0,1,,,106,106.3,113.3,110.3,,33,,,,,,,,,
119,Zach Wilson,NYJ,QB,23,9,9,132,242,1688,6,7,28,102,3.64,1,1,1,2,2,1,1,1,2,,,98,98.9,112.9,105.4,,34,,,,,,,,,
138,Sam Darnold,CAR,QB,25,6,6,82,140,1143,7,3,26,106,4.08,2,0,0,0,,0,6,2,2,,,86,86.3,97.3,89.3,,35,,,,,,,,,
140,Deshaun Watson,CLE,QB,27,6,6,99,170,1102,7,5,36,175,4.86,1,0,0,0,,0,1,0,1,,,86,85.6,96.6,90.6,,36,,,,,,,,,
159,Mitchell Trubisky,PIT,QB,28,7,5,117,180,1252,4,5,19,38,2,2,0,0,0,,0,0,0,2,,1,74,73.9,81.9,78.9,,37,,,,,,,,,
199,Cooper Rush,DAL,QB,29,9,5,94,162,1051,5,3,9,6,0.67,0,0,0,0,,0,2,0,0,,,57,56.6,62.6,59.6,,38,,,,,,,,,
201,Mike White,NYJ,QB,27,4,4,103,175,1192,3,4,6,9,1.5,1,0,0,0,,0,2,1,1,,,57,56.6,64.6,60.6,,39,,,,,,,,,
223,Tyler Huntley,BAL,QB,24,6,4,75,112,658,2,3,43,137,3.19,1,0,0,0,,0,3,0,1,1,,50,50,59,53,,40,,,,,,,,,
226,Joe Flacco,NYJ,QB,37,5,4,110,191,1051,5,3,3,6,2,0,0,0,-3,,0,5,4,0,,,48,48.3,58.3,51.3,,41,,,,,,,,,
247,Jameis Winston,NOR,QB,28,3,3,73,115,858,4,5,5,16,3.2,0,0,0,0,,0,3,0,0,,1,44,43.9,51.9,48.9,,42,,,,,,,,,
250,Jarrett Stidham,LVR,QB,26,5,2,53,83,656,4,3,14,84,6,0,0,0,0,,0,3,1,0,,,43,42.6,49.6,45.6,,43,,,,,,,,,
263,Desmond Ridder,ATL,QB,23,4,4,73,115,708,2,0,16,64,4,0,0,0,0,,0,3,2,0,,,39,38.7,43.7,38.7,,45,,,,,,,,,
264,P.J. Walker,CAR,QB,27,6,5,63,106,731,3,3,6,39,6.5,0,0,0,0,,0,0,0,0,,,39,39.1,45.1,42.1,,44,,,,,,,,,
265,Bailey Zappe,NWE,QB,23,4,2,65,92,781,5,3,10,0,0,0,1,1,-6,-6,0,4,3,0,,,39,39.6,48.6,42.1,,46,,,,,,,,,
266,Teddy Bridgewater,MIA,QB,30,5,2,49,79,683,4,4,3,27,9,0,0,0,0,,0,0,0,0,,,38,38,45,42,,47,,,,,,,,,
269,Gardner Minshew II,PHI,QB,26,5,2,44,76,663,3,3,7,3,0.43,1,0,0,0,,0,4,1,1,,,37,36.8,43.8,39.8,,48,,,,,,,,,
270,Sam Ehlinger,IND,QB,24,4,3,64,101,573,3,3,17,87,5.12,0,0,0,0,,0,2,1,0,,,36,35.6,42.6,38.6,,49,,,,,,,,,
280,Colt McCoy,ARI,QB,36,4,3,90,132,780,1,3,14,36,2.57,0,0,0,0,,0,2,0,0,,,33,32.8,38.8,35.8,,50,,,,,,,,,
327,Joshua Dobbs,TEN,QB,27,2,2,40,68,411,2,2,8,44,5.5,0,0,0,0,,0,4,2,0,,,21,20.8,27.8,22.8,,51,,,,,,,,,
335,Davis Webb,NYG,QB,27,1,1,23,40,168,1,0,6,41,6.83,1,0,0,0,,0,0,0,1,,,21,20.8,20.8,20.8,,52,,,,,,,,,
344,David Blough,ARI,QB,27,2,2,38,58,402,2,2,4,5,1.25,0,0,0,0,,0,1,1,0,,,19,18.6,24.6,20.6,,54,,,,,,,,,
352,Malik Willis,TEN,QB,23,8,3,31,61,276,0,3,27,123,4.56,1,0,0,0,,0,3,2,1,,,19,19.3,27.3,22.3,,53,,,,,,,,,
357,Sam Howell,WAS,QB,22,1,1,11,19,169,1,1,5,35,7,1,0,0,0,,0,0,0,1,,,18,18.3,19.3,19.3,,55,,,,,,,,,
358,Brett Rypien,DEN,QB,26,4,2,53,88,483,2,4,6,7,1.17,0,0,0,0,,0,4,1,0,,,18,18,26,22,,56,,,,,,,,,
366,Skylar Thompson,MIA,QB,25,7,2,60,105,534,1,3,14,21,1.5,0,0,0,0,,0,2,2,0,,,17,17.5,25.5,20.5,,57,,,,,,,,,
368,Kyle Allen,HOU,QB,26,2,2,46,78,416,2,4,6,13,2.17,0,0,0,0,,0,4,1,0,,,16,15.9,23.9,19.9,,59,,,,,,,,,
369,Jeff Driskel,HOU,QB,29,7,2,14,20,108,1,0,20,75,3.75,0,1,1,4,4,0,0,0,0,,,16,17.2,17.2,16.7,,58,,,,,,,,,
375,Bryce Perkins,LAR,QB,26,5,1,19,34,161,1,2,19,90,4.74,0,0,0,0,,0,0,0,0,,,15,15.4,17.4,17.4,,60,,,,,,,,,
378,John Wolford,LAR,QB,27,3,3,38,62,390,1,3,8,32,4,0,0,0,0,,0,3,1,0,,,15,14.8,21.8,17.8,,61,,,,,,,,,
399,Trey Lance,SFO,QB,22,2,2,15,31,194,0,1,16,67,4.19,0,0,0,0,,0,1,0,0,,,12,12.5,13.5,13.5,,62,,,,,,,,,
400,Jordan Love,GNB,QB,24,4,0,14,21,195,1,0,1,-1,-1,0,0,0,0,,0,0,0,0,,,12,11.7,11.7,11.7,,64,,,,,,,,,
402,Nick Mullens,MIN,QB,27,4,0,21,25,224,1,1,4,8,2,0,0,0,0,,0,0,0,0,,,12,11.8,12.8,12.8,,63,,,,,,,,,
410,Tyrod Taylor,NYG,QB,33,3,0,6,8,58,1,1,5,70,14,0,0,0,0,,0,2,1,0,,1,11,11.3,13.3,12.3,,65,,,,,,,,,
421,Trevor Siemian,CHI,QB,31,2,1,15,26,184,1,1,4,8,2,0,0,0,0,,0,0,0,0,,,10,10.2,11.2,11.2,,66,,,,,,,,,
425,Trace McSorley,ARI,QB,27,6,1,45,83,412,0,5,15,61,4.07,0,0,0,0,,0,2,2,0,,,9,8.6,18.6,13.6,,68,,,,,,,,,
430,Chris Streveler,NYJ,QB,27,2,1,10,15,90,0,0,9,54,6,0,0,0,0,,0,1,0,0,,,9,9,9,9,,67,,,,,,,,,
435,Chase Daniel,LAC,QB,36,4,0,8,12,52,1,0,1,4,4,0,0,0,0,,0,0,0,0,,1,8,8.5,8.5,8.5,,69,,,,,,,,,
438,Nathan Peterman,CHI,QB,28,3,1,14,25,139,1,1,2,7,3.5,0,0,0,0,,0,0,0,0,,,8,8.3,9.3,9.3,,70,,,,,,,,,
449,Anthony Brown,BAL,QB,24,2,1,22,49,302,0,2,3,-5,-1.67,0,0,0,0,,0,1,1,0,,,6,5.6,11.6,7.6,,71,,,,,,,,,
464,Blaine Gabbert,TAM,QB,33,1,0,6,8,29,1,0,0,0,,0,0,0,0,,0,0,0,0,,,5,5.2,5.2,5.2,,72,,,,,,,,,
507,Nick Foles,IND,QB,33,3,2,25,42,224,0,4,2,8,4,0,0,0,0,,0,0,0,0,,,2,1.8,5.8,5.8,,73,,,,,,,,,
528,Brandon Allen,CIN,QB,30,1,0,3,3,22,0,0,3,-1,-0.33,0,0,0,0,,0,0,0,0,,,1,0.8,0.8,0.8,,76,,,,,,,,,
539,Brian Hoyer,NWE,QB,37,1,1,5,6,37,0,0,0,0,,0,0,0,0,,0,0,0,0,,,1,1.5,1.5,1.5,,74,,,,,,,,,
542,Josh Johnson,SFO,QB,36,2,0,1,2,10,0,0,2,3,1.5,0,0,0,0,,0,0,0,0,,,1,0.7,0.7,0.7,,77,,,,,,,,,
553,Kyle Trask,TAM,QB,24,1,0,3,9,23,0,0,0,0,,0,0,0,0,,0,0,0,0,,,1,0.9,0.9,0.9,,75,,,,,,,,,
557,C.J. Beathard,JAX,QB,29,4,0,7,11,35,0,1,4,-4,-1,0,0,0,0,,0,0,0,0,,,-1,-1,,,,83,,,,,,,,,
559,Chad Henne,KAN,QB,37,3,0,0,2,0,0,0,5,-5,-1,0,0,0,0,,0,1,0,0,,,-1,-0.5,-0.5,-0.5,,82,,,,,,,,,
564,Tim Boyle,CHI,QB,28,1,0,2,8,33,0,2,2,-2,-1,0,0,0,0,,0,0,0,0,,,-3,-2.9,-0.9,-0.9,,84,,,,,,,,,
272,Kyle Juszczyk,SFO,FB,31,16,12,0,0,0,0,0,7,26,3.71,1,23,19,200,10.53,1,0,0,2,,,35,53.6,56.6,44.1,,73,,,,,,,,,
319,Alec Ingold,MIA,FB,26,17,14,0,0,0,0,0,6,8,1.33,1,23,15,105,7,1,0,0,2,,,23,38.3,41.3,30.8,,88,,,,,,,,,
329,C.J. Ham,MIN,FB,29,17,4,0,0,0,0,0,4,7,1.75,2,12,10,86,8.6,0,0,0,2,,,21,31.3,31.3,26.3,,91,,,,,,,,,
377,Derek Watt,PIT,FB,30,17,3,0,0,0,0,0,9,21,2.33,1,5,5,11,2.2,1,0,0,2,,,15,20.2,20.2,17.7,,104,,,,,,,,,
381,Zander Horvath,LAC,FB,24,15,2,0,0,0,0,0,4,8,2,0,8,5,8,1.6,2,0,0,2,,,14,18.6,18.6,16.1,,107,,,,,,,,,
392,Reggie Gilliam,BUF,FB,25,15,4,0,0,0,0,0,0,0,,0,10,8,69,8.63,1,0,0,1,,,13,20.9,20.9,16.9,,110,,,,,,,,,
395,Chris Myarick,NYG,FB,27,16,8,0,0,0,0,0,0,0,,0,8,7,65,9.29,1,0,0,1,,,13,19.5,19.5,16,,111,,,,,,,,,
420,Giovanni Ricci,CAR,FB,26,15,3,0,0,0,0,0,0,0,,0,9,8,100,12.5,0,0,0,0,,,10,18,21,14,,114,,,,,,,,,
426,Patrick Ricard,BAL,FB,28,17,16,0,0,0,0,0,7,16,2.29,0,13,11,74,6.73,0,0,0,0,,,9,20,20,14.5,,119,,,,,,,,,
499,Michael Burton,KAN,FB,30,17,0,0,0,0,0,0,5,7,1.4,0,3,2,11,5.5,0,0,0,0,,,2,3.8,3.8,2.8,,146,,,,,,,,,
509,Troy Hairston,HOU,FB,24,16,5,0,0,0,0,0,0,0,,0,8,5,19,3.8,0,0,0,0,,,2,6.9,6.9,4.4,,144,,,,,,,,,
519,Adam Prentice,NOR,FB,25,11,2,0,0,0,0,0,4,9,2.25,0,3,3,9,3,0,1,0,0,,,2,4.8,4.8,3.3,,147,,,,,,,,,
534,Jason Cabinda,DET,FB,26,8,2,0,0,0,0,0,1,4,4,0,4,1,5,5,0,0,0,0,,,1,1.9,1.9,1.4,,152,,,,,,,,,
541,Jakob Johnson,LVR,FB,28,17,9,0,0,0,0,0,0,0,,0,6,5,10,2,0,0,0,0,,,1,6,6,3.5,,150,,,,,,,,,
549,Keith Smith,ATL,FB,30,17,6,0,0,0,0,0,1,2,2,0,2,1,8,8,0,0,0,0,,,1,2,2,1.5,,151,,,,,,,,,
